date;class;focuses;uf
2025/12;Fogo em áreas de desmatamento recente;2;TOCANTINS
2025/12;Fogo em áreas de desmatamento consolidado;10;TOCANTINS
2025/11;Fogo em áreas de vegetação nativa;1;TOCANTINS
2025/11;Fogo em áreas de desmatamento recente;15;TOCANTINS
2025/11;Fogo em áreas de desmatamento consolidado;78;TOCANTINS
2025/10;Fogo em áreas de vegetação nativa;1;TOCANTINS
2025/10;Fogo em áreas de desmatamento recente;20;TOCANTINS
2025/10;Fogo em áreas de desmatamento consolidado;103;TOCANTINS
2025/09;Fogo em áreas de vegetação nativa;2;TOCANTINS
2025/09;Fogo em áreas de desmatamento recente;4;TOCANTINS
2025/09;Fogo em áreas de desmatamento consolidado;110;TOCANTINS
2025/08;Fogo em áreas de desmatamento recente;2;TOCANTINS
2025/08;Fogo em áreas de desmatamento consolidado;32;TOCANTINS
2025/07;Fogo em áreas de desmatamento recente;1;TOCANTINS
2025/07;Fogo em áreas de desmatamento consolidado;17;TOCANTINS
2025/06;Fogo em áreas de desmatamento consolidado;10;TOCANTINS
2025/05;Fogo em áreas de desmatamento consolidado;16;TOCANTINS
2025/04;Fogo em áreas de desmatamento recente;2;TOCANTINS
2025/04;Fogo em áreas de desmatamento consolidado;1;TOCANTINS
2025/03;Fogo em áreas de desmatamento consolidado;2;TOCANTINS
2026/01;Fogo em áreas de desmatamento consolidado;4;TOCANTINS
2025/12;Fogo em áreas de vegetação nativa;8;TOCANTINS
2025/12;Fogo em áreas de desmatamento recente;58;TOCANTINS
2025/12;Fogo em áreas de desmatamento consolidado;49;TOCANTINS
2025/11;Fogo em áreas de vegetação nativa;104;TOCANTINS
2025/11;Fogo em outras áreas;1;TOCANTINS
2025/11;Fogo em áreas de desmatamento recente;329;TOCANTINS
2025/11;Fogo em áreas de desmatamento consolidado;275;TOCANTINS
2025/10;Fogo em áreas de vegetação nativa;909;TOCANTINS
2025/10;Fogo em outras áreas;9;TOCANTINS
2025/10;Fogo em áreas de desmatamento recente;616;TOCANTINS
2025/10;Fogo em áreas de desmatamento consolidado;770;TOCANTINS
2025/09;Fogo em áreas de vegetação nativa;1172;TOCANTINS
2025/09;Fogo em outras áreas;5;TOCANTINS
2025/09;Fogo em áreas de desmatamento recente;464;TOCANTINS
2025/09;Fogo em áreas de desmatamento consolidado;894;TOCANTINS
2025/08;Fogo em áreas de vegetação nativa;950;TOCANTINS
2025/08;Fogo em áreas de desmatamento recente;218;TOCANTINS
2025/08;Fogo em áreas de desmatamento consolidado;339;TOCANTINS
2025/07;Fogo em áreas de vegetação nativa;742;TOCANTINS
2025/07;Fogo em outras áreas;2;TOCANTINS
2025/07;Fogo em áreas de desmatamento recente;347;TOCANTINS
2025/07;Fogo em áreas de desmatamento consolidado;266;TOCANTINS
2025/06;Fogo em áreas de vegetação nativa;476;TOCANTINS
2025/06;Fogo em outras áreas;1;TOCANTINS
2025/06;Fogo em áreas de desmatamento recente;457;TOCANTINS
2025/06;Fogo em áreas de desmatamento consolidado;287;TOCANTINS
2025/05;Fogo em áreas de vegetação nativa;232;TOCANTINS
2025/05;Fogo em áreas de desmatamento recente;417;TOCANTINS
2025/05;Fogo em áreas de desmatamento consolidado;397;TOCANTINS
2025/04;Fogo em áreas de vegetação nativa;18;TOCANTINS
2025/04;Fogo em áreas de desmatamento recente;45;TOCANTINS
2025/04;Fogo em áreas de desmatamento consolidado;53;TOCANTINS
2025/03;Fogo em áreas de vegetação nativa;14;TOCANTINS
2025/03;Fogo em áreas de desmatamento recente;45;TOCANTINS
2025/03;Fogo em áreas de desmatamento consolidado;51;TOCANTINS
2025/02;Fogo em áreas de vegetação nativa;21;TOCANTINS
2025/02;Fogo em áreas de desmatamento recente;24;TOCANTINS
2025/02;Fogo em áreas de desmatamento consolidado;28;TOCANTINS
2026/02;Fogo em áreas de desmatamento recente;7;TOCANTINS
2026/02;Fogo em áreas de desmatamento consolidado;7;TOCANTINS
2026/01;Fogo em áreas de vegetação nativa;12;TOCANTINS
2026/01;Fogo em áreas de desmatamento recente;57;TOCANTINS
2026/01;Fogo em áreas de desmatamento consolidado;50;TOCANTINS
2025/07;Fogo em áreas de vegetação nativa;6;SÃO PAULO
2025/03;Fogo em áreas de desmatamento consolidado;26;SÃO PAULO
2025/04;Fogo em áreas de desmatamento consolidado;13;SÃO PAULO
2025/05;Fogo em áreas de desmatamento consolidado;36;SÃO PAULO
2025/05;Fogo em áreas de desmatamento recente;4;SÃO PAULO
2025/06;Fogo em áreas de desmatamento consolidado;46;SÃO PAULO
2025/06;Fogo em áreas de desmatamento recente;2;SÃO PAULO
2025/07;Fogo em áreas de desmatamento consolidado;214;SÃO PAULO
2025/07;Fogo em áreas de desmatamento recente;2;SÃO PAULO
2025/08;Fogo em áreas de desmatamento consolidado;400;SÃO PAULO
2025/08;Fogo em áreas de desmatamento recente;4;SÃO PAULO
2025/08;Fogo em áreas de vegetação nativa;4;SÃO PAULO
2025/09;Fogo em áreas de desmatamento consolidado;819;SÃO PAULO
2025/09;Fogo em áreas de desmatamento recente;2;SÃO PAULO
2025/09;Fogo em áreas de vegetação nativa;5;SÃO PAULO
2025/10;Fogo em áreas de desmatamento consolidado;201;SÃO PAULO
2025/10;Fogo em áreas de desmatamento recente;3;SÃO PAULO
2026/01;Fogo em áreas de desmatamento consolidado;25;SÃO PAULO
2025/10;Fogo em áreas de vegetação nativa;1;SÃO PAULO
2025/11;Fogo em áreas de desmatamento consolidado;46;SÃO PAULO
2025/02;Fogo em áreas de desmatamento consolidado;48;SÃO PAULO
2025/12;Fogo em áreas de desmatamento consolidado;33;SÃO PAULO
2025/12;Fogo em áreas de desmatamento consolidado;11;SÃO PAULO
2025/11;Fogo em áreas de desmatamento consolidado;13;SÃO PAULO
2025/10;Fogo em áreas de vegetação nativa;1;SÃO PAULO
2026/02;Fogo em áreas de desmatamento consolidado;4;SÃO PAULO
2025/10;Fogo em áreas de desmatamento recente;1;SÃO PAULO
2025/10;Fogo em áreas de desmatamento consolidado;21;SÃO PAULO
2025/09;Fogo em áreas de desmatamento recente;1;SÃO PAULO
2025/09;Fogo em áreas de desmatamento consolidado;184;SÃO PAULO
2025/08;Fogo em áreas de desmatamento recente;1;SÃO PAULO
2025/08;Fogo em áreas de desmatamento consolidado;85;SÃO PAULO
2025/07;Fogo em áreas de desmatamento consolidado;23;SÃO PAULO
2025/06;Fogo em áreas de desmatamento consolidado;7;SÃO PAULO
2025/05;Fogo em áreas de desmatamento consolidado;20;SÃO PAULO
2025/04;Fogo em áreas de desmatamento consolidado;2;SÃO PAULO
2025/03;Fogo em áreas de desmatamento consolidado;8;SÃO PAULO
2025/02;Fogo em áreas de desmatamento consolidado;15;SÃO PAULO
2026/02;Fogo em áreas de desmatamento consolidado;1;SÃO PAULO
2026/01;Fogo em áreas de desmatamento consolidado;8;SÃO PAULO
2025/12;Fogo em áreas de desmatamento recente;2;SERGIPE
2025/12;Fogo em áreas de desmatamento consolidado;4;SERGIPE
2025/04;Fogo em áreas de desmatamento consolidado;25;SERGIPE
2025/03;Fogo em áreas de desmatamento consolidado;6;SERGIPE
2025/11;Fogo em áreas de desmatamento recente;1;SERGIPE
2025/11;Fogo em áreas de desmatamento consolidado;1;SERGIPE
2025/10;Fogo em áreas de desmatamento consolidado;1;SERGIPE
2025/05;Fogo em áreas de desmatamento consolidado;2;SERGIPE
2025/04;Fogo em áreas de desmatamento recente;4;SERGIPE
2025/04;Fogo em áreas de desmatamento consolidado;7;SERGIPE
2025/03;Fogo em áreas de desmatamento recente;7;SERGIPE
2025/03;Fogo em áreas de desmatamento consolidado;15;SERGIPE
2025/02;Fogo em áreas de vegetação nativa;1;SERGIPE
2025/02;Fogo em áreas de desmatamento recente;1;SERGIPE
2025/02;Fogo em áreas de desmatamento consolidado;9;SERGIPE
2026/02;Fogo em áreas de desmatamento recente;2;SERGIPE
2026/02;Fogo em áreas de desmatamento consolidado;1;SERGIPE
2026/01;Fogo em áreas de desmatamento recente;2;SERGIPE
2026/02;Fogo em áreas de desmatamento consolidado;10;SERGIPE
2026/01;Fogo em áreas de desmatamento consolidado;13;SERGIPE
2025/02;Fogo em áreas de desmatamento consolidado;4;SERGIPE
2025/11;Fogo em áreas de desmatamento consolidado;3;SERGIPE
2026/01;Fogo em áreas de desmatamento consolidado;26;SERGIPE
2025/12;Fogo em áreas de desmatamento consolidado;8;SERGIPE
2025/04;Fogo em áreas de desmatamento recente;1;SERGIPE
2025/08;Fogo em áreas de desmatamento consolidado;1;SERGIPE
2025/12;Fogo em áreas de desmatamento recente;1;SERGIPE
2026/01;Fogo em áreas de desmatamento recente;2;SERGIPE
2025/02;Fogo em áreas de desmatamento recente;1;SERGIPE
2025/05;Fogo em áreas de desmatamento consolidado;5;SERGIPE
2026/01;Fogo em áreas de desmatamento recente;3;SANTA CATARINA
2025/05;Fogo em áreas de desmatamento recente;12;SANTA CATARINA
2025/04;Fogo em áreas de desmatamento consolidado;58;SANTA CATARINA
2025/09;Fogo em áreas de desmatamento consolidado;128;SANTA CATARINA
2026/01;Fogo em áreas de vegetação nativa;1;SANTA CATARINA
2026/01;Fogo em áreas de desmatamento consolidado;93;SANTA CATARINA
2025/03;Fogo em áreas de desmatamento consolidado;122;SANTA CATARINA
2025/08;Fogo em áreas de desmatamento recente;20;SANTA CATARINA
2025/08;Fogo em áreas de vegetação nativa;70;SANTA CATARINA
2025/05;Fogo em áreas de desmatamento consolidado;120;SANTA CATARINA
2025/02;Fogo em áreas de desmatamento recente;1;SANTA CATARINA
2025/08;Fogo em áreas de desmatamento consolidado;199;SANTA CATARINA
2025/12;Fogo em áreas de desmatamento consolidado;50;SANTA CATARINA
2025/11;Fogo em áreas de desmatamento recente;1;SANTA CATARINA
2025/09;Fogo em áreas de desmatamento recente;9;SANTA CATARINA
2025/11;Fogo em áreas de desmatamento consolidado;49;SANTA CATARINA
2025/02;Fogo em áreas de desmatamento consolidado;40;SANTA CATARINA
2025/10;Fogo em áreas de vegetação nativa;5;SANTA CATARINA
2025/07;Fogo em áreas de desmatamento consolidado;288;SANTA CATARINA
2025/10;Fogo em áreas de desmatamento recente;5;SANTA CATARINA
2025/07;Fogo em áreas de vegetação nativa;35;SANTA CATARINA
2025/10;Fogo em áreas de desmatamento consolidado;118;SANTA CATARINA
2025/04;Fogo em áreas de desmatamento recente;3;SANTA CATARINA
2026/02;Fogo em áreas de desmatamento consolidado;9;SANTA CATARINA
2025/09;Fogo em áreas de vegetação nativa;17;SANTA CATARINA
2025/06;Fogo em áreas de desmatamento consolidado;17;SANTA CATARINA
2025/03;Fogo em áreas de desmatamento recente;9;SANTA CATARINA
2025/07;Fogo em áreas de desmatamento recente;27;SANTA CATARINA
2025/02;Fogo em áreas de desmatamento consolidado;19;RORAIMA
2025/09;Fogo em áreas de vegetação nativa;56;RORAIMA
2025/02;Fogo em áreas de desmatamento recente;30;RORAIMA
2025/02;Fogo em outras áreas;1;RORAIMA
2025/02;Fogo em áreas de vegetação nativa;33;RORAIMA
2025/10;Fogo em áreas de desmatamento consolidado;27;RORAIMA
2025/03;Fogo em áreas de desmatamento consolidado;111;RORAIMA
2025/03;Fogo em áreas de desmatamento recente;190;RORAIMA
2025/03;Fogo em áreas de vegetação nativa;89;RORAIMA
2025/12;Fogo em áreas de desmatamento consolidado;31;RORAIMA
2025/10;Fogo em áreas de desmatamento recente;38;RORAIMA
2025/04;Fogo em áreas de desmatamento consolidado;14;RORAIMA
2025/04;Fogo em áreas de desmatamento recente;7;RORAIMA
2025/04;Fogo em áreas de vegetação nativa;5;RORAIMA
2025/10;Fogo em outras áreas;1;RORAIMA
2025/11;Fogo em áreas de vegetação nativa;104;RORAIMA
2025/05;Fogo em áreas de vegetação nativa;1;RORAIMA
2025/10;Fogo em áreas de vegetação nativa;61;RORAIMA
2025/06;Fogo em áreas de desmatamento consolidado;4;RORAIMA
2025/06;Fogo em áreas de vegetação nativa;9;RORAIMA
2025/07;Fogo em áreas de desmatamento consolidado;9;RORAIMA
2025/11;Fogo em áreas de desmatamento consolidado;40;RORAIMA
2025/07;Fogo em áreas de desmatamento recente;4;RORAIMA
2025/07;Fogo em áreas de vegetação nativa;5;RORAIMA
2025/09;Fogo em áreas de desmatamento recente;23;RORAIMA
2026/02;Fogo em áreas de vegetação nativa;21;RORAIMA
2025/08;Fogo em áreas de desmatamento consolidado;14;RORAIMA
2025/12;Fogo em áreas de desmatamento recente;43;RORAIMA
2026/02;Fogo em outras áreas;1;RORAIMA
2025/08;Fogo em áreas de desmatamento recente;12;RORAIMA
2025/12;Fogo em áreas de vegetação nativa;97;RORAIMA
2025/11;Fogo em áreas de desmatamento recente;36;RORAIMA
2025/08;Fogo em áreas de vegetação nativa;11;RORAIMA
2026/01;Fogo em áreas de desmatamento consolidado;44;RORAIMA
2026/01;Fogo em áreas de desmatamento recente;74;RORAIMA
2026/01;Fogo em áreas de vegetação nativa;101;RORAIMA
2025/09;Fogo em áreas de desmatamento consolidado;29;RORAIMA
2026/02;Fogo em áreas de desmatamento consolidado;9;RORAIMA
2026/02;Fogo em áreas de desmatamento recente;12;RORAIMA
2026/01;Fogo em áreas de desmatamento consolidado;2;RONDÔNIA
2025/07;Fogo em áreas de desmatamento consolidado;4;RONDÔNIA
2025/08;Fogo em áreas de desmatamento consolidado;2;RONDÔNIA
2025/08;Fogo em áreas de desmatamento recente;4;RONDÔNIA
2025/10;Fogo em áreas de desmatamento consolidado;1;RONDÔNIA
2025/11;Fogo em áreas de desmatamento consolidado;1;RONDÔNIA
2025/11;Fogo em áreas de desmatamento recente;1;RONDÔNIA
2026/01;Fogo em áreas de desmatamento consolidado;8;RONDÔNIA
2026/01;Fogo em áreas de desmatamento recente;1;RONDÔNIA
2026/02;Fogo em áreas de desmatamento consolidado;1;RONDÔNIA
2025/02;Fogo em áreas de desmatamento consolidado;17;RONDÔNIA
2025/02;Fogo em áreas de desmatamento recente;5;RONDÔNIA
2025/02;Fogo em áreas de vegetação nativa;3;RONDÔNIA
2025/03;Fogo em áreas de desmatamento consolidado;13;RONDÔNIA
2025/03;Fogo em áreas de desmatamento recente;2;RONDÔNIA
2025/04;Fogo em áreas de desmatamento consolidado;10;RONDÔNIA
2025/05;Fogo em áreas de desmatamento consolidado;19;RONDÔNIA
2025/05;Fogo em áreas de desmatamento recente;8;RONDÔNIA
2025/05;Fogo em áreas de vegetação nativa;1;RONDÔNIA
2025/06;Fogo em áreas de desmatamento consolidado;24;RONDÔNIA
2025/06;Fogo em áreas de desmatamento recente;20;RONDÔNIA
2025/06;Fogo em áreas de vegetação nativa;5;RONDÔNIA
2025/07;Fogo em áreas de desmatamento consolidado;106;RONDÔNIA
2025/07;Fogo em áreas de desmatamento recente;53;RONDÔNIA
2025/07;Fogo em áreas de vegetação nativa;13;RONDÔNIA
2025/08;Fogo em áreas de desmatamento consolidado;213;RONDÔNIA
2025/08;Fogo em áreas de desmatamento recente;391;RONDÔNIA
2025/08;Fogo em áreas de vegetação nativa;58;RONDÔNIA
2025/09;Fogo em áreas de desmatamento consolidado;120;RONDÔNIA
2025/09;Fogo em áreas de desmatamento recente;245;RONDÔNIA
2025/09;Fogo em áreas de vegetação nativa;23;RONDÔNIA
2025/10;Fogo em áreas de desmatamento consolidado;168;RONDÔNIA
2025/10;Fogo em áreas de desmatamento recente;172;RONDÔNIA
2025/10;Fogo em áreas de vegetação nativa;19;RONDÔNIA
2025/11;Fogo em áreas de desmatamento consolidado;67;RONDÔNIA
2025/11;Fogo em áreas de desmatamento recente;40;RONDÔNIA
2025/11;Fogo em áreas de vegetação nativa;14;RONDÔNIA
2025/12;Fogo em áreas de desmatamento consolidado;6;RONDÔNIA
2025/12;Fogo em áreas de desmatamento recente;3;RONDÔNIA
2025/04;Fogo em áreas de desmatamento consolidado;91;RIO GRANDE DO SUL
2025/02;Fogo em áreas de desmatamento consolidado;19;RIO GRANDE DO SUL
2025/09;Fogo em áreas de vegetação nativa;4;RIO GRANDE DO SUL
2025/08;Fogo em áreas de desmatamento recente;38;RIO GRANDE DO SUL
2026/01;Fogo em áreas de desmatamento consolidado;10;RIO GRANDE DO SUL
2025/12;Fogo em áreas de desmatamento recente;4;RIO GRANDE DO SUL
2025/07;Fogo em áreas de vegetação nativa;7;RIO GRANDE DO SUL
2025/10;Fogo em áreas de desmatamento consolidado;22;RIO GRANDE DO SUL
2026/02;Fogo em áreas de desmatamento consolidado;3;RIO GRANDE DO SUL
2026/02;Fogo em áreas de desmatamento recente;1;RIO GRANDE DO SUL
2025/03;Fogo em áreas de vegetação nativa;13;RIO GRANDE DO SUL
2025/03;Fogo em áreas de desmatamento recente;7;RIO GRANDE DO SUL
2026/01;Fogo em áreas de vegetação nativa;2;RIO GRANDE DO SUL
2025/05;Fogo em áreas de desmatamento recente;8;RIO GRANDE DO SUL
2025/10;Fogo em áreas de desmatamento recente;2;RIO GRANDE DO SUL
2025/12;Fogo em áreas de desmatamento recente;2;RIO GRANDE DO SUL
2025/07;Fogo em áreas de desmatamento recente;2;RIO GRANDE DO SUL
2025/08;Fogo em áreas de desmatamento consolidado;244;RIO GRANDE DO SUL
2025/08;Fogo em áreas de desmatamento consolidado;86;RIO GRANDE DO SUL
2025/02;Fogo em áreas de desmatamento recente;4;RIO GRANDE DO SUL
2025/11;Fogo em áreas de desmatamento consolidado;14;RIO GRANDE DO SUL
2025/07;Fogo em áreas de desmatamento consolidado;58;RIO GRANDE DO SUL
2025/03;Fogo em áreas de desmatamento consolidado;38;RIO GRANDE DO SUL
2025/04;Fogo em áreas de desmatamento consolidado;41;RIO GRANDE DO SUL
2025/03;Fogo em áreas de desmatamento recente;13;RIO GRANDE DO SUL
2025/02;Fogo em áreas de vegetação nativa;17;RIO GRANDE DO SUL
2025/12;Fogo em áreas de desmatamento consolidado;18;RIO GRANDE DO SUL
2025/07;Fogo em áreas de vegetação nativa;49;RIO GRANDE DO SUL
2025/09;Fogo em áreas de vegetação nativa;13;RIO GRANDE DO SUL
2025/06;Fogo em áreas de vegetação nativa;1;RIO GRANDE DO SUL
2025/07;Fogo em áreas de desmatamento recente;23;RIO GRANDE DO SUL
2025/12;Fogo em áreas de desmatamento consolidado;26;RIO GRANDE DO SUL
2025/02;Fogo em áreas de desmatamento recente;3;RIO GRANDE DO SUL
2025/02;Fogo em áreas de desmatamento consolidado;29;RIO GRANDE DO SUL
2025/10;Fogo em áreas de desmatamento consolidado;47;RIO GRANDE DO SUL
2025/09;Fogo em áreas de desmatamento consolidado;69;RIO GRANDE DO SUL
2025/07;Fogo em áreas de desmatamento consolidado;149;RIO GRANDE DO SUL
2025/09;Fogo em áreas de desmatamento consolidado;44;RIO GRANDE DO SUL
2025/08;Fogo em áreas de vegetação nativa;70;RIO GRANDE DO SUL
2025/11;Fogo em áreas de desmatamento recente;2;RIO GRANDE DO SUL
2025/05;Fogo em áreas de desmatamento consolidado;37;RIO GRANDE DO SUL
2025/05;Fogo em áreas de desmatamento consolidado;71;RIO GRANDE DO SUL
2025/03;Fogo em áreas de desmatamento consolidado;22;RIO GRANDE DO SUL
2026/01;Fogo em áreas de desmatamento consolidado;24;RIO GRANDE DO SUL
2025/04;Fogo em áreas de desmatamento recente;19;RIO GRANDE DO SUL
2025/04;Fogo em áreas de vegetação nativa;2;RIO GRANDE DO SUL
2025/06;Fogo em áreas de vegetação nativa;1;RIO GRANDE DO SUL
2025/09;Fogo em áreas de desmatamento recente;5;RIO GRANDE DO SUL
2025/09;Fogo em áreas de desmatamento recente;5;RIO GRANDE DO SUL
2025/11;Fogo em áreas de desmatamento consolidado;23;RIO GRANDE DO SUL
2026/01;Fogo em áreas de desmatamento recente;2;RIO GRANDE DO SUL
2025/06;Fogo em áreas de desmatamento recente;3;RIO GRANDE DO SUL
2025/10;Fogo em áreas de desmatamento recente;5;RIO GRANDE DO SUL
2026/02;Fogo em áreas de desmatamento consolidado;12;RIO GRANDE DO SUL
2025/06;Fogo em áreas de desmatamento consolidado;6;RIO GRANDE DO SUL
2025/05;Fogo em áreas de desmatamento recente;15;RIO GRANDE DO SUL
2025/11;Fogo em áreas de desmatamento recente;1;RIO GRANDE DO SUL
2025/06;Fogo em áreas de desmatamento recente;1;RIO GRANDE DO SUL
2025/06;Fogo em áreas de desmatamento consolidado;13;RIO GRANDE DO SUL
2025/02;Fogo em áreas de vegetação nativa;1;RIO GRANDE DO SUL
2025/05;Fogo em áreas de vegetação nativa;1;RIO GRANDE DO SUL
2025/04;Fogo em áreas de desmatamento recente;6;RIO GRANDE DO SUL
2025/05;Fogo em áreas de vegetação nativa;1;RIO GRANDE DO SUL
2025/08;Fogo em áreas de vegetação nativa;20;RIO GRANDE DO SUL
2025/08;Fogo em áreas de desmatamento recente;9;RIO GRANDE DO SUL
2025/08;Fogo em áreas de desmatamento recente;1;RIO GRANDE DO NORTE
2025/04;Fogo em áreas de desmatamento consolidado;10;RIO GRANDE DO NORTE
2025/12;Fogo em áreas de vegetação nativa;12;RIO GRANDE DO NORTE
2025/03;Fogo em áreas de desmatamento recente;4;RIO GRANDE DO NORTE
2025/08;Fogo em áreas de desmatamento consolidado;2;RIO GRANDE DO NORTE
2025/12;Fogo em áreas de desmatamento recente;19;RIO GRANDE DO NORTE
2025/03;Fogo em áreas de desmatamento consolidado;8;RIO GRANDE DO NORTE
2025/08;Fogo em áreas de desmatamento consolidado;20;RIO GRANDE DO NORTE
2025/12;Fogo em áreas de desmatamento consolidado;1;RIO GRANDE DO NORTE
2025/12;Fogo em áreas de desmatamento consolidado;73;RIO GRANDE DO NORTE
2025/02;Fogo em áreas de vegetação nativa;1;RIO GRANDE DO NORTE
2025/02;Fogo em áreas de desmatamento recente;5;RIO GRANDE DO NORTE
2025/06;Fogo em áreas de desmatamento consolidado;11;RIO GRANDE DO NORTE
2026/01;Fogo em áreas de desmatamento recente;1;RIO GRANDE DO NORTE
2025/02;Fogo em áreas de desmatamento consolidado;10;RIO GRANDE DO NORTE
2025/11;Fogo em áreas de vegetação nativa;10;RIO GRANDE DO NORTE
2025/11;Fogo em áreas de desmatamento recente;43;RIO GRANDE DO NORTE
2025/03;Fogo em áreas de desmatamento consolidado;6;RIO GRANDE DO NORTE
2025/07;Fogo em áreas de vegetação nativa;2;RIO GRANDE DO NORTE
2026/01;Fogo em áreas de desmatamento consolidado;13;RIO GRANDE DO NORTE
2025/11;Fogo em áreas de desmatamento consolidado;3;RIO GRANDE DO NORTE
2025/11;Fogo em áreas de desmatamento consolidado;99;RIO GRANDE DO NORTE
2025/05;Fogo em áreas de desmatamento consolidado;9;RIO GRANDE DO NORTE
2026/02;Fogo em áreas de desmatamento recente;2;RIO GRANDE DO NORTE
2025/10;Fogo em áreas de vegetação nativa;12;RIO GRANDE DO NORTE
2025/06;Fogo em áreas de desmatamento consolidado;2;RIO GRANDE DO NORTE
2026/02;Fogo em áreas de desmatamento consolidado;14;RIO GRANDE DO NORTE
2025/09;Fogo em áreas de desmatamento consolidado;9;RIO GRANDE DO NORTE
2026/01;Fogo em áreas de vegetação nativa;1;RIO GRANDE DO NORTE
2025/10;Fogo em áreas de desmatamento recente;42;RIO GRANDE DO NORTE
2026/01;Fogo em áreas de desmatamento recente;6;RIO GRANDE DO NORTE
2025/04;Fogo em áreas de desmatamento recente;12;RIO GRANDE DO NORTE
2026/01;Fogo em áreas de desmatamento consolidado;60;RIO GRANDE DO NORTE
2025/10;Fogo em áreas de desmatamento consolidado;93;RIO GRANDE DO NORTE
2025/09;Fogo em áreas de vegetação nativa;4;RIO GRANDE DO NORTE
2025/09;Fogo em áreas de desmatamento recente;13;RIO GRANDE DO NORTE
2025/05;Fogo em áreas de desmatamento recente;6;RIO GRANDE DO NORTE
2025/09;Fogo em áreas de desmatamento consolidado;30;RIO GRANDE DO NORTE
2025/02;Fogo em áreas de desmatamento consolidado;1;RIO GRANDE DO NORTE
2025/08;Fogo em áreas de vegetação nativa;1;RIO GRANDE DO NORTE
2025/06;Fogo em áreas de desmatamento recente;4;RIO GRANDE DO NORTE
2025/04;Fogo em áreas de desmatamento consolidado;2;RIO GRANDE DO NORTE
2025/10;Fogo em áreas de desmatamento consolidado;2;RIO GRANDE DO NORTE
2025/07;Fogo em áreas de desmatamento consolidado;6;RIO GRANDE DO NORTE
2025/10;Fogo em áreas de desmatamento recente;1;RIO DE JANEIRO
2025/08;Fogo em áreas de desmatamento recente;2;RIO DE JANEIRO
2025/11;Fogo em áreas de desmatamento consolidado;20;RIO DE JANEIRO
2025/02;Fogo em áreas de desmatamento consolidado;41;RIO DE JANEIRO
2025/08;Fogo em áreas de desmatamento consolidado;105;RIO DE JANEIRO
2025/02;Fogo em áreas de desmatamento recente;4;RIO DE JANEIRO
2025/03;Fogo em áreas de desmatamento consolidado;29;RIO DE JANEIRO
2025/12;Fogo em áreas de desmatamento consolidado;11;RIO DE JANEIRO
2025/09;Fogo em áreas de vegetação nativa;1;RIO DE JANEIRO
2025/04;Fogo em áreas de desmatamento consolidado;1;RIO DE JANEIRO
2025/12;Fogo em áreas de desmatamento recente;1;RIO DE JANEIRO
2025/07;Fogo em áreas de desmatamento consolidado;73;RIO DE JANEIRO
2025/05;Fogo em áreas de desmatamento consolidado;10;RIO DE JANEIRO
2025/10;Fogo em áreas de desmatamento consolidado;84;RIO DE JANEIRO
2025/09;Fogo em áreas de desmatamento consolidado;83;RIO DE JANEIRO
2025/06;Fogo em áreas de desmatamento consolidado;32;RIO DE JANEIRO
2025/06;Fogo em áreas de desmatamento recente;6;RIO DE JANEIRO
2026/01;Fogo em áreas de desmatamento consolidado;20;RIO DE JANEIRO
2025/03;Fogo em áreas de desmatamento consolidado;16;PIAUÍ
2025/02;Fogo em áreas de vegetação nativa;12;PIAUÍ
2025/02;Fogo em áreas de desmatamento consolidado;11;PIAUÍ
2025/03;Fogo em áreas de vegetação nativa;7;PIAUÍ
2025/04;Fogo em áreas de desmatamento consolidado;13;PIAUÍ
2025/03;Fogo em áreas de desmatamento recente;2;PIAUÍ
2025/02;Fogo em áreas de desmatamento recente;9;PIAUÍ
2026/02;Fogo em áreas de desmatamento consolidado;1;PIAUÍ
2026/01;Fogo em áreas de vegetação nativa;13;PIAUÍ
2026/01;Fogo em áreas de desmatamento recente;21;PIAUÍ
2025/04;Fogo em áreas de desmatamento recente;5;PIAUÍ
2026/01;Fogo em áreas de desmatamento consolidado;48;PIAUÍ
2025/12;Fogo em áreas de vegetação nativa;25;PIAUÍ
2025/12;Fogo em áreas de desmatamento recente;175;PIAUÍ
2025/12;Fogo em áreas de desmatamento consolidado;142;PIAUÍ
2025/11;Fogo em áreas de vegetação nativa;226;PIAUÍ
2025/11;Fogo em áreas de desmatamento recente;345;PIAUÍ
2025/11;Fogo em áreas de desmatamento consolidado;347;PIAUÍ
2025/10;Fogo em áreas de vegetação nativa;629;PIAUÍ
2025/10;Fogo em áreas de desmatamento recente;511;PIAUÍ
2025/10;Fogo em áreas de desmatamento consolidado;634;PIAUÍ
2025/09;Fogo em áreas de vegetação nativa;772;PIAUÍ
2025/09;Fogo em outras áreas;1;PIAUÍ
2025/09;Fogo em áreas de desmatamento recente;329;PIAUÍ
2025/09;Fogo em áreas de desmatamento consolidado;544;PIAUÍ
2025/08;Fogo em áreas de vegetação nativa;509;PIAUÍ
2025/08;Fogo em áreas de desmatamento recente;293;PIAUÍ
2025/08;Fogo em áreas de desmatamento consolidado;349;PIAUÍ
2025/07;Fogo em áreas de vegetação nativa;366;PIAUÍ
2025/07;Fogo em áreas de desmatamento recente;228;PIAUÍ
2025/07;Fogo em áreas de desmatamento consolidado;195;PIAUÍ
2025/06;Fogo em áreas de vegetação nativa;136;PIAUÍ
2025/06;Fogo em áreas de desmatamento recente;106;PIAUÍ
2025/06;Fogo em áreas de desmatamento consolidado;80;PIAUÍ
2025/05;Fogo em áreas de vegetação nativa;70;PIAUÍ
2025/05;Fogo em áreas de desmatamento recente;81;PIAUÍ
2025/05;Fogo em áreas de desmatamento consolidado;31;PIAUÍ
2025/04;Fogo em áreas de vegetação nativa;4;PIAUÍ
2025/04;Fogo em áreas de desmatamento recente;26;PIAUÍ
2025/04;Fogo em áreas de desmatamento consolidado;12;PIAUÍ
2025/03;Fogo em áreas de vegetação nativa;2;PIAUÍ
2025/12;Fogo em áreas de vegetação nativa;78;PIAUÍ
2025/03;Fogo em áreas de desmatamento recente;19;PIAUÍ
2025/12;Fogo em áreas de desmatamento recente;90;PIAUÍ
2025/03;Fogo em áreas de desmatamento consolidado;7;PIAUÍ
2025/12;Fogo em áreas de desmatamento consolidado;193;PIAUÍ
2025/02;Fogo em áreas de vegetação nativa;2;PIAUÍ
2025/11;Fogo em áreas de vegetação nativa;212;PIAUÍ
2025/02;Fogo em áreas de desmatamento recente;29;PIAUÍ
2025/11;Fogo em áreas de desmatamento recente;205;PIAUÍ
2025/02;Fogo em áreas de desmatamento consolidado;15;PIAUÍ
2025/11;Fogo em áreas de desmatamento consolidado;606;PIAUÍ
2025/10;Fogo em áreas de vegetação nativa;740;PIAUÍ
2025/07;Fogo em áreas de desmatamento consolidado;61;PIAUÍ
2025/10;Fogo em áreas de desmatamento recente;369;PIAUÍ
2025/10;Fogo em áreas de desmatamento consolidado;826;PIAUÍ
2026/02;Fogo em áreas de desmatamento recente;3;PIAUÍ
2026/02;Fogo em áreas de desmatamento consolidado;4;PIAUÍ
2025/09;Fogo em áreas de vegetação nativa;210;PIAUÍ
2026/01;Fogo em áreas de vegetação nativa;7;PIAUÍ
2025/09;Fogo em áreas de desmatamento recente;70;PIAUÍ
2026/01;Fogo em outras áreas;1;PIAUÍ
2026/01;Fogo em áreas de desmatamento recente;97;PIAUÍ
2025/09;Fogo em áreas de desmatamento consolidado;221;PIAUÍ
2026/01;Fogo em áreas de desmatamento consolidado;64;PIAUÍ
2025/08;Fogo em áreas de vegetação nativa;141;PIAUÍ
2025/08;Fogo em áreas de desmatamento recente;30;PIAUÍ
2025/08;Fogo em áreas de desmatamento consolidado;150;PIAUÍ
2025/07;Fogo em áreas de vegetação nativa;61;PIAUÍ
2025/07;Fogo em áreas de desmatamento recente;22;PIAUÍ
2025/06;Fogo em áreas de vegetação nativa;8;PIAUÍ
2025/06;Fogo em áreas de desmatamento recente;7;PIAUÍ
2025/06;Fogo em áreas de desmatamento consolidado;21;PIAUÍ
2025/05;Fogo em áreas de vegetação nativa;17;PIAUÍ
2025/05;Fogo em áreas de desmatamento recente;6;PIAUÍ
2025/05;Fogo em áreas de desmatamento consolidado;18;PIAUÍ
2025/04;Fogo em áreas de vegetação nativa;1;PIAUÍ
2025/09;Fogo em áreas de desmatamento consolidado;10;PERNAMBUCO
2025/09;Fogo em áreas de desmatamento recente;2;PERNAMBUCO
2025/08;Fogo em áreas de desmatamento consolidado;1;PERNAMBUCO
2025/10;Fogo em áreas de desmatamento consolidado;13;PERNAMBUCO
2025/11;Fogo em áreas de desmatamento consolidado;58;PERNAMBUCO
2025/11;Fogo em áreas de desmatamento recente;2;PERNAMBUCO
2025/12;Fogo em áreas de desmatamento consolidado;59;PERNAMBUCO
2025/12;Fogo em áreas de desmatamento recente;3;PERNAMBUCO
2026/01;Fogo em áreas de desmatamento consolidado;55;PERNAMBUCO
2026/01;Fogo em áreas de desmatamento recente;29;PERNAMBUCO
2026/01;Fogo em áreas de vegetação nativa;3;PERNAMBUCO
2026/02;Fogo em áreas de desmatamento consolidado;12;PERNAMBUCO
2026/02;Fogo em áreas de desmatamento recente;8;PERNAMBUCO
2026/01;Fogo em áreas de desmatamento consolidado;57;PERNAMBUCO
2025/06;Fogo em áreas de desmatamento consolidado;1;PERNAMBUCO
2025/02;Fogo em áreas de desmatamento consolidado;29;PERNAMBUCO
2026/01;Fogo em áreas de desmatamento recente;2;PERNAMBUCO
2025/02;Fogo em áreas de desmatamento recente;16;PERNAMBUCO
2025/03;Fogo em áreas de desmatamento consolidado;18;PERNAMBUCO
2025/03;Fogo em áreas de desmatamento recente;10;PERNAMBUCO
2025/03;Fogo em áreas de vegetação nativa;1;PERNAMBUCO
2025/04;Fogo em áreas de desmatamento consolidado;28;PERNAMBUCO
2025/04;Fogo em áreas de desmatamento recente;14;PERNAMBUCO
2025/04;Fogo em áreas de vegetação nativa;3;PERNAMBUCO
2026/02;Fogo em áreas de desmatamento consolidado;16;PERNAMBUCO
2025/05;Fogo em áreas de desmatamento consolidado;20;PERNAMBUCO
2025/05;Fogo em áreas de desmatamento recente;1;PERNAMBUCO
2025/05;Fogo em áreas de desmatamento recente;5;PERNAMBUCO
2025/06;Fogo em áreas de desmatamento consolidado;24;PERNAMBUCO
2025/06;Fogo em áreas de desmatamento recente;7;PERNAMBUCO
2025/06;Fogo em áreas de vegetação nativa;2;PERNAMBUCO
2026/02;Fogo em áreas de desmatamento recente;3;PERNAMBUCO
2025/07;Fogo em áreas de desmatamento consolidado;24;PERNAMBUCO
2025/05;Fogo em áreas de desmatamento consolidado;11;PERNAMBUCO
2025/07;Fogo em áreas de desmatamento recente;4;PERNAMBUCO
2025/07;Fogo em áreas de vegetação nativa;3;PERNAMBUCO
2025/08;Fogo em áreas de desmatamento consolidado;45;PERNAMBUCO
2025/08;Fogo em áreas de desmatamento recente;10;PERNAMBUCO
2025/08;Fogo em áreas de vegetação nativa;3;PERNAMBUCO
2025/09;Fogo em áreas de desmatamento consolidado;182;PERNAMBUCO
2025/04;Fogo em áreas de desmatamento recente;2;PERNAMBUCO
2025/09;Fogo em áreas de desmatamento recente;78;PERNAMBUCO
2025/09;Fogo em áreas de vegetação nativa;4;PERNAMBUCO
2025/10;Fogo em áreas de desmatamento consolidado;549;PERNAMBUCO
2025/10;Fogo em áreas de desmatamento recente;270;PERNAMBUCO
2025/10;Fogo em áreas de vegetação nativa;14;PERNAMBUCO
2025/11;Fogo em áreas de desmatamento consolidado;313;PERNAMBUCO
2025/11;Fogo em áreas de desmatamento recente;143;PERNAMBUCO
2025/11;Fogo em áreas de vegetação nativa;20;PERNAMBUCO
2025/12;Fogo em áreas de desmatamento consolidado;100;PERNAMBUCO
2025/04;Fogo em áreas de desmatamento consolidado;12;PERNAMBUCO
2025/12;Fogo em áreas de desmatamento recente;54;PERNAMBUCO
2025/12;Fogo em áreas de vegetação nativa;6;PERNAMBUCO
2025/02;Fogo em áreas de desmatamento consolidado;15;PERNAMBUCO
2025/02;Fogo em áreas de desmatamento recente;5;PERNAMBUCO
2025/03;Fogo em áreas de desmatamento recente;1;PERNAMBUCO
2025/03;Fogo em áreas de desmatamento consolidado;8;PERNAMBUCO
2025/09;Fogo em áreas de desmatamento recente;56;PARÁ
2025/09;Fogo em áreas de desmatamento consolidado;58;PARÁ
2025/10;Fogo em áreas de desmatamento consolidado;18;PARÁ
2025/08;Fogo em áreas de desmatamento recente;29;PARÁ
2025/08;Fogo em áreas de desmatamento consolidado;12;PARÁ
2025/07;Fogo em áreas de vegetação nativa;2;PARÁ
2025/10;Fogo em áreas de desmatamento recente;43;PARÁ
2025/07;Fogo em áreas de desmatamento recente;20;PARÁ
2025/07;Fogo em áreas de desmatamento consolidado;12;PARÁ
2025/10;Fogo em áreas de vegetação nativa;10;PARÁ
2025/06;Fogo em áreas de vegetação nativa;1;PARÁ
2025/11;Fogo em áreas de desmatamento consolidado;6;PARÁ
2025/06;Fogo em áreas de desmatamento recente;23;PARÁ
2025/06;Fogo em áreas de desmatamento consolidado;9;PARÁ
2025/11;Fogo em áreas de desmatamento recente;10;PARÁ
2025/05;Fogo em áreas de desmatamento recente;16;PARÁ
2025/05;Fogo em áreas de desmatamento consolidado;3;PARÁ
2025/04;Fogo em áreas de desmatamento recente;5;PARÁ
2025/12;Fogo em áreas de desmatamento consolidado;1;PARÁ
2025/04;Fogo em áreas de desmatamento consolidado;3;PARÁ
2025/03;Fogo em áreas de desmatamento recente;1;PARÁ
2025/12;Fogo em áreas de desmatamento recente;1;PARÁ
2025/03;Fogo em áreas de desmatamento consolidado;5;PARÁ
2025/02;Fogo em áreas de desmatamento recente;3;PARÁ
2025/02;Fogo em áreas de desmatamento consolidado;1;PARÁ
2026/02;Fogo em áreas de desmatamento consolidado;1;PARÁ
2026/01;Fogo em áreas de desmatamento consolidado;664;PARÁ
2026/01;Fogo em áreas de desmatamento recente;298;PARÁ
2026/01;Fogo em áreas de vegetação nativa;82;PARÁ
2026/02;Fogo em áreas de desmatamento consolidado;135;PARÁ
2026/02;Fogo em áreas de desmatamento recente;34;PARÁ
2026/02;Fogo em áreas de vegetação nativa;5;PARÁ
2025/02;Fogo em áreas de desmatamento consolidado;71;PARÁ
2025/02;Fogo em áreas de desmatamento recente;14;PARÁ
2025/02;Fogo em áreas de vegetação nativa;1;PARÁ
2025/03;Fogo em áreas de desmatamento consolidado;43;PARÁ
2025/03;Fogo em áreas de desmatamento recente;15;PARÁ
2025/03;Fogo em áreas de vegetação nativa;4;PARÁ
2025/04;Fogo em áreas de desmatamento consolidado;55;PARÁ
2025/04;Fogo em áreas de desmatamento recente;10;PARÁ
2025/05;Fogo em áreas de desmatamento consolidado;148;PARÁ
2025/05;Fogo em áreas de desmatamento recente;37;PARÁ
2025/05;Fogo em áreas de vegetação nativa;3;PARÁ
2025/06;Fogo em áreas de desmatamento consolidado;257;PARÁ
2025/06;Fogo em áreas de desmatamento recente;99;PARÁ
2025/06;Fogo em áreas de vegetação nativa;16;PARÁ
2025/07;Fogo em áreas de desmatamento consolidado;497;PARÁ
2025/07;Fogo em áreas de desmatamento recente;258;PARÁ
2025/07;Fogo em áreas de vegetação nativa;48;PARÁ
2025/08;Fogo em áreas de desmatamento consolidado;674;PARÁ
2025/08;Fogo em áreas de desmatamento recente;479;PARÁ
2025/08;Fogo em áreas de vegetação nativa;120;PARÁ
2025/09;Fogo em áreas de desmatamento consolidado;1669;PARÁ
2025/09;Fogo em áreas de desmatamento recente;897;PARÁ
2025/09;Fogo em áreas de vegetação nativa;287;PARÁ
2025/10;Fogo em áreas de desmatamento consolidado;1868;PARÁ
2025/10;Fogo em áreas de desmatamento recente;1393;PARÁ
2025/10;Fogo em outras áreas;1;PARÁ
2025/10;Fogo em áreas de vegetação nativa;348;PARÁ
2025/11;Fogo em áreas de desmatamento consolidado;3334;PARÁ
2025/11;Fogo em áreas de desmatamento recente;1949;PARÁ
2025/11;Fogo em outras áreas;1;PARÁ
2025/11;Fogo em áreas de vegetação nativa;359;PARÁ
2025/12;Fogo em áreas de desmatamento consolidado;1700;PARÁ
2025/12;Fogo em áreas de desmatamento recente;828;PARÁ
2025/12;Fogo em áreas de vegetação nativa;175;PARÁ
2025/12;Fogo em áreas de desmatamento consolidado;3;PARAÍBA
2025/11;Fogo em áreas de desmatamento consolidado;10;PARAÍBA
2025/10;Fogo em áreas de desmatamento consolidado;7;PARAÍBA
2025/12;Fogo em áreas de vegetação nativa;2;PARAÍBA
2025/12;Fogo em áreas de desmatamento recente;53;PARAÍBA
2025/12;Fogo em áreas de desmatamento consolidado;115;PARAÍBA
2025/11;Fogo em áreas de vegetação nativa;5;PARAÍBA
2025/11;Fogo em áreas de desmatamento recente;118;PARAÍBA
2025/11;Fogo em áreas de desmatamento consolidado;186;PARAÍBA
2025/10;Fogo em áreas de vegetação nativa;9;PARAÍBA
2025/10;Fogo em áreas de desmatamento recente;79;PARAÍBA
2025/10;Fogo em áreas de desmatamento consolidado;140;PARAÍBA
2025/09;Fogo em áreas de vegetação nativa;1;PARAÍBA
2025/09;Fogo em áreas de desmatamento recente;30;PARAÍBA
2025/09;Fogo em áreas de desmatamento consolidado;51;PARAÍBA
2025/08;Fogo em áreas de desmatamento recente;8;PARAÍBA
2025/08;Fogo em áreas de desmatamento consolidado;24;PARAÍBA
2025/07;Fogo em áreas de desmatamento recente;6;PARAÍBA
2025/07;Fogo em áreas de desmatamento consolidado;9;PARAÍBA
2025/06;Fogo em áreas de desmatamento consolidado;7;PARAÍBA
2025/05;Fogo em áreas de desmatamento recente;6;PARAÍBA
2025/05;Fogo em áreas de desmatamento consolidado;14;PARAÍBA
2025/04;Fogo em áreas de desmatamento recente;6;PARAÍBA
2025/04;Fogo em áreas de desmatamento consolidado;13;PARAÍBA
2025/03;Fogo em áreas de desmatamento recente;6;PARAÍBA
2025/03;Fogo em áreas de desmatamento consolidado;2;PARAÍBA
2025/02;Fogo em áreas de desmatamento recente;17;PARAÍBA
2025/02;Fogo em áreas de desmatamento consolidado;17;PARAÍBA
2026/02;Fogo em áreas de vegetação nativa;2;PARAÍBA
2026/02;Fogo em áreas de desmatamento recente;3;PARAÍBA
2026/02;Fogo em áreas de desmatamento consolidado;8;PARAÍBA
2026/01;Fogo em áreas de vegetação nativa;1;PARAÍBA
2025/09;Fogo em áreas de desmatamento recente;1;PARAÍBA
2026/01;Fogo em áreas de desmatamento recente;26;PARAÍBA
2026/01;Fogo em áreas de desmatamento consolidado;42;PARAÍBA
2025/09;Fogo em áreas de desmatamento consolidado;8;PARAÍBA
2025/08;Fogo em áreas de desmatamento consolidado;3;PARAÍBA
2025/06;Fogo em áreas de desmatamento consolidado;1;PARAÍBA
2025/04;Fogo em áreas de desmatamento consolidado;1;PARAÍBA
2025/03;Fogo em áreas de desmatamento consolidado;3;PARAÍBA
2025/02;Fogo em áreas de desmatamento consolidado;2;PARAÍBA
2026/01;Fogo em áreas de desmatamento consolidado;7;PARAÍBA
2025/10;Fogo em áreas de desmatamento consolidado;2;PARANÁ
2025/08;Fogo em áreas de vegetação nativa;1;PARANÁ
2025/02;Fogo em áreas de desmatamento consolidado;1;PARANÁ
2025/03;Fogo em áreas de desmatamento consolidado;4;PARANÁ
2025/09;Fogo em áreas de desmatamento consolidado;12;PARANÁ
2025/07;Fogo em áreas de desmatamento consolidado;14;PARANÁ
2025/12;Fogo em áreas de desmatamento consolidado;1;PARANÁ
2025/08;Fogo em áreas de desmatamento consolidado;6;PARANÁ
2026/01;Fogo em áreas de desmatamento consolidado;74;PARANÁ
2026/01;Fogo em áreas de desmatamento recente;6;PARANÁ
2026/01;Fogo em áreas de vegetação nativa;2;PARANÁ
2026/02;Fogo em áreas de desmatamento consolidado;4;PARANÁ
2026/02;Fogo em áreas de desmatamento recente;1;PARANÁ
2025/02;Fogo em áreas de desmatamento consolidado;51;PARANÁ
2025/02;Fogo em áreas de desmatamento recente;5;PARANÁ
2025/03;Fogo em áreas de desmatamento consolidado;74;PARANÁ
2025/03;Fogo em áreas de desmatamento recente;11;PARANÁ
2025/04;Fogo em áreas de desmatamento consolidado;27;PARANÁ
2025/04;Fogo em áreas de desmatamento recente;5;PARANÁ
2025/04;Fogo em áreas de vegetação nativa;1;PARANÁ
2025/05;Fogo em áreas de desmatamento consolidado;113;PARANÁ
2025/05;Fogo em áreas de desmatamento recente;6;PARANÁ
2025/06;Fogo em áreas de desmatamento consolidado;23;PARANÁ
2025/07;Fogo em áreas de desmatamento consolidado;258;PARANÁ
2025/07;Fogo em áreas de desmatamento recente;15;PARANÁ
2025/07;Fogo em áreas de vegetação nativa;5;PARANÁ
2025/08;Fogo em áreas de desmatamento consolidado;401;PARANÁ
2025/08;Fogo em áreas de desmatamento recente;23;PARANÁ
2025/09;Fogo em áreas de desmatamento consolidado;409;PARANÁ
2025/09;Fogo em áreas de desmatamento recente;25;PARANÁ
2025/09;Fogo em áreas de vegetação nativa;1;PARANÁ
2025/10;Fogo em áreas de desmatamento consolidado;114;PARANÁ
2025/10;Fogo em áreas de desmatamento recente;15;PARANÁ
2025/11;Fogo em áreas de desmatamento consolidado;82;PARANÁ
2025/11;Fogo em áreas de desmatamento recente;3;PARANÁ
2025/11;Fogo em áreas de vegetação nativa;1;PARANÁ
2025/12;Fogo em áreas de desmatamento consolidado;64;PARANÁ
2025/12;Fogo em áreas de desmatamento recente;2;PARANÁ
2025/04;Fogo em áreas de desmatamento recente;1;MINAS GERAIS
2025/05;Fogo em áreas de desmatamento consolidado;19;MINAS GERAIS
2025/05;Fogo em áreas de desmatamento recente;4;MINAS GERAIS
2025/06;Fogo em áreas de desmatamento consolidado;19;MINAS GERAIS
2025/10;Fogo em áreas de vegetação nativa;266;MINAS GERAIS
2025/06;Fogo em áreas de desmatamento recente;5;MINAS GERAIS
2025/06;Fogo em áreas de vegetação nativa;1;MINAS GERAIS
2025/07;Fogo em áreas de desmatamento consolidado;22;MINAS GERAIS
2025/07;Fogo em áreas de desmatamento recente;4;MINAS GERAIS
2025/07;Fogo em áreas de vegetação nativa;1;MINAS GERAIS
2025/08;Fogo em áreas de desmatamento consolidado;44;MINAS GERAIS
2025/08;Fogo em áreas de desmatamento recente;17;MINAS GERAIS
2025/08;Fogo em áreas de vegetação nativa;6;MINAS GERAIS
2025/09;Fogo em áreas de desmatamento consolidado;123;MINAS GERAIS
2025/09;Fogo em áreas de desmatamento recente;30;MINAS GERAIS
2025/09;Fogo em áreas de vegetação nativa;48;MINAS GERAIS
2025/11;Fogo em áreas de desmatamento consolidado;108;MINAS GERAIS
2025/10;Fogo em áreas de desmatamento consolidado;153;MINAS GERAIS
2025/10;Fogo em áreas de desmatamento recente;29;MINAS GERAIS
2025/10;Fogo em áreas de vegetação nativa;53;MINAS GERAIS
2025/11;Fogo em áreas de desmatamento consolidado;69;MINAS GERAIS
2025/11;Fogo em áreas de desmatamento recente;19;MINAS GERAIS
2025/11;Fogo em áreas de vegetação nativa;7;MINAS GERAIS
2025/12;Fogo em áreas de desmatamento consolidado;11;MINAS GERAIS
2025/02;Fogo em áreas de desmatamento consolidado;78;MINAS GERAIS
2025/12;Fogo em áreas de desmatamento recente;3;MINAS GERAIS
2025/12;Fogo em áreas de vegetação nativa;3;MINAS GERAIS
2025/02;Fogo em áreas de desmatamento recente;27;MINAS GERAIS
2025/11;Fogo em áreas de desmatamento recente;32;MINAS GERAIS
2025/02;Fogo em áreas de vegetação nativa;8;MINAS GERAIS
2025/11;Fogo em áreas de vegetação nativa;19;MINAS GERAIS
2025/03;Fogo em áreas de desmatamento consolidado;60;MINAS GERAIS
2025/12;Fogo em áreas de desmatamento consolidado;30;MINAS GERAIS
2025/12;Fogo em áreas de vegetação nativa;1;MINAS GERAIS
2025/12;Fogo em áreas de desmatamento recente;15;MINAS GERAIS
2025/12;Fogo em áreas de desmatamento consolidado;79;MINAS GERAIS
2025/11;Fogo em áreas de vegetação nativa;3;MINAS GERAIS
2025/03;Fogo em áreas de desmatamento recente;11;MINAS GERAIS
2025/11;Fogo em áreas de desmatamento recente;22;MINAS GERAIS
2025/11;Fogo em áreas de desmatamento consolidado;154;MINAS GERAIS
2025/03;Fogo em áreas de vegetação nativa;9;MINAS GERAIS
2025/10;Fogo em áreas de vegetação nativa;23;MINAS GERAIS
2025/10;Fogo em áreas de desmatamento recente;102;MINAS GERAIS
2025/10;Fogo em áreas de desmatamento consolidado;689;MINAS GERAIS
2025/09;Fogo em áreas de vegetação nativa;25;MINAS GERAIS
2025/09;Fogo em áreas de desmatamento recente;74;MINAS GERAIS
2025/09;Fogo em áreas de desmatamento consolidado;922;MINAS GERAIS
2025/12;Fogo em áreas de desmatamento recente;18;MINAS GERAIS
2025/08;Fogo em áreas de vegetação nativa;12;MINAS GERAIS
2025/04;Fogo em áreas de desmatamento consolidado;33;MINAS GERAIS
2025/08;Fogo em áreas de desmatamento recente;32;MINAS GERAIS
2025/08;Fogo em áreas de desmatamento consolidado;462;MINAS GERAIS
2025/12;Fogo em áreas de vegetação nativa;3;MINAS GERAIS
2025/04;Fogo em áreas de desmatamento recente;14;MINAS GERAIS
2025/07;Fogo em áreas de vegetação nativa;2;MINAS GERAIS
2025/07;Fogo em áreas de desmatamento recente;19;MINAS GERAIS
2025/04;Fogo em áreas de vegetação nativa;3;MINAS GERAIS
2025/07;Fogo em áreas de desmatamento consolidado;197;MINAS GERAIS
2025/06;Fogo em áreas de vegetação nativa;1;MINAS GERAIS
2025/06;Fogo em áreas de desmatamento recente;14;MINAS GERAIS
2025/05;Fogo em áreas de desmatamento consolidado;83;MINAS GERAIS
2025/06;Fogo em áreas de desmatamento consolidado;91;MINAS GERAIS
2025/05;Fogo em áreas de vegetação nativa;1;MINAS GERAIS
2025/05;Fogo em áreas de desmatamento recente;8;MINAS GERAIS
2025/05;Fogo em áreas de desmatamento consolidado;55;MINAS GERAIS
2025/05;Fogo em áreas de desmatamento recente;20;MINAS GERAIS
2025/04;Fogo em áreas de desmatamento recente;5;MINAS GERAIS
2025/04;Fogo em áreas de desmatamento consolidado;40;MINAS GERAIS
2025/03;Fogo em áreas de vegetação nativa;1;MINAS GERAIS
2025/05;Fogo em áreas de vegetação nativa;13;MINAS GERAIS
2025/03;Fogo em áreas de desmatamento recente;10;MINAS GERAIS
2025/03;Fogo em áreas de desmatamento consolidado;57;MINAS GERAIS
2025/02;Fogo em áreas de desmatamento recente;10;MINAS GERAIS
2025/06;Fogo em áreas de desmatamento consolidado;159;MINAS GERAIS
2025/02;Fogo em áreas de desmatamento consolidado;57;MINAS GERAIS
2026/02;Fogo em áreas de desmatamento consolidado;3;MINAS GERAIS
2026/01;Fogo em áreas de desmatamento recente;9;MINAS GERAIS
2026/01;Fogo em áreas de desmatamento consolidado;38;MINAS GERAIS
2025/06;Fogo em áreas de desmatamento recente;41;MINAS GERAIS
2025/06;Fogo em áreas de vegetação nativa;18;MINAS GERAIS
2025/07;Fogo em áreas de desmatamento consolidado;249;MINAS GERAIS
2025/07;Fogo em áreas de desmatamento recente;78;MINAS GERAIS
2025/07;Fogo em outras áreas;1;MINAS GERAIS
2025/07;Fogo em áreas de vegetação nativa;42;MINAS GERAIS
2025/08;Fogo em áreas de desmatamento consolidado;647;MINAS GERAIS
2025/08;Fogo em áreas de desmatamento recente;81;MINAS GERAIS
2025/08;Fogo em outras áreas;1;MINAS GERAIS
2025/08;Fogo em áreas de vegetação nativa;167;MINAS GERAIS
2025/09;Fogo em áreas de desmatamento consolidado;1120;MINAS GERAIS
2025/09;Fogo em áreas de desmatamento recente;165;MINAS GERAIS
2025/09;Fogo em outras áreas;4;MINAS GERAIS
2025/09;Fogo em áreas de vegetação nativa;386;MINAS GERAIS
2025/10;Fogo em áreas de desmatamento consolidado;581;MINAS GERAIS
2026/01;Fogo em áreas de desmatamento consolidado;1;MINAS GERAIS
2026/01;Fogo em áreas de desmatamento recente;1;MINAS GERAIS
2026/01;Fogo em áreas de desmatamento consolidado;24;MINAS GERAIS
2026/01;Fogo em áreas de vegetação nativa;1;MINAS GERAIS
2026/01;Fogo em áreas de desmatamento recente;10;MINAS GERAIS
2025/02;Fogo em áreas de desmatamento consolidado;5;MINAS GERAIS
2026/01;Fogo em áreas de vegetação nativa;13;MINAS GERAIS
2025/02;Fogo em áreas de desmatamento recente;1;MINAS GERAIS
2025/10;Fogo em áreas de desmatamento recente;120;MINAS GERAIS
2025/03;Fogo em áreas de desmatamento consolidado;9;MINAS GERAIS
2026/02;Fogo em áreas de vegetação nativa;3;MINAS GERAIS
2025/03;Fogo em áreas de desmatamento recente;3;MINAS GERAIS
2025/10;Fogo em outras áreas;2;MINAS GERAIS
2025/04;Fogo em áreas de desmatamento consolidado;1;MINAS GERAIS
2025/12;Fogo em áreas de desmatamento consolidado;1;MATO GROSSO DO SUL
2025/11;Fogo em áreas de desmatamento consolidado;2;MATO GROSSO DO SUL
2025/10;Fogo em áreas de desmatamento consolidado;12;MATO GROSSO DO SUL
2025/09;Fogo em áreas de desmatamento consolidado;15;MATO GROSSO DO SUL
2025/08;Fogo em áreas de vegetação nativa;1;MATO GROSSO DO SUL
2025/08;Fogo em áreas de desmatamento recente;1;MATO GROSSO DO SUL
2025/08;Fogo em áreas de desmatamento consolidado;60;MATO GROSSO DO SUL
2025/07;Fogo em áreas de desmatamento consolidado;25;MATO GROSSO DO SUL
2025/06;Fogo em áreas de desmatamento consolidado;3;MATO GROSSO DO SUL
2025/05;Fogo em áreas de desmatamento consolidado;1;MATO GROSSO DO SUL
2025/04;Fogo em áreas de desmatamento consolidado;2;MATO GROSSO DO SUL
2025/03;Fogo em áreas de vegetação nativa;1;MATO GROSSO DO SUL
2025/03;Fogo em áreas de desmatamento consolidado;8;MATO GROSSO DO SUL
2025/02;Fogo em áreas de vegetação nativa;2;MATO GROSSO DO SUL
2025/02;Fogo em áreas de desmatamento consolidado;31;MATO GROSSO DO SUL
2026/02;Fogo em áreas de desmatamento consolidado;1;MATO GROSSO DO SUL
2026/01;Fogo em áreas de desmatamento consolidado;6;MATO GROSSO DO SUL
2025/12;Fogo em áreas de vegetação nativa;34;MATO GROSSO DO SUL
2025/12;Fogo em áreas de desmatamento consolidado;9;MATO GROSSO DO SUL
2025/11;Fogo em áreas de vegetação nativa;27;MATO GROSSO DO SUL
2025/11;Fogo em outras áreas;2;MATO GROSSO DO SUL
2025/11;Fogo em áreas de desmatamento recente;3;MATO GROSSO DO SUL
2025/11;Fogo em áreas de desmatamento consolidado;8;MATO GROSSO DO SUL
2025/10;Fogo em áreas de vegetação nativa;117;MATO GROSSO DO SUL
2025/10;Fogo em outras áreas;1;MATO GROSSO DO SUL
2025/10;Fogo em áreas de desmatamento recente;3;MATO GROSSO DO SUL
2025/10;Fogo em áreas de desmatamento consolidado;35;MATO GROSSO DO SUL
2025/09;Fogo em áreas de vegetação nativa;81;MATO GROSSO DO SUL
2025/09;Fogo em outras áreas;1;MATO GROSSO DO SUL
2025/09;Fogo em áreas de desmatamento recente;13;MATO GROSSO DO SUL
2025/09;Fogo em áreas de desmatamento consolidado;14;MATO GROSSO DO SUL
2025/08;Fogo em áreas de vegetação nativa;51;MATO GROSSO DO SUL
2025/08;Fogo em áreas de desmatamento recente;1;MATO GROSSO DO SUL
2025/08;Fogo em áreas de desmatamento consolidado;5;MATO GROSSO DO SUL
2025/07;Fogo em áreas de vegetação nativa;14;MATO GROSSO DO SUL
2026/01;Fogo em áreas de desmatamento consolidado;30;MATO GROSSO DO SUL
2026/01;Fogo em áreas de desmatamento recente;9;MATO GROSSO DO SUL
2026/02;Fogo em áreas de desmatamento consolidado;3;MATO GROSSO DO SUL
2025/07;Fogo em áreas de desmatamento recente;24;MATO GROSSO DO SUL
2025/02;Fogo em áreas de desmatamento consolidado;73;MATO GROSSO DO SUL
2025/07;Fogo em áreas de desmatamento consolidado;14;MATO GROSSO DO SUL
2025/02;Fogo em áreas de desmatamento recente;8;MATO GROSSO DO SUL
2025/02;Fogo em áreas de vegetação nativa;1;MATO GROSSO DO SUL
2025/03;Fogo em áreas de desmatamento consolidado;50;MATO GROSSO DO SUL
2025/06;Fogo em áreas de vegetação nativa;1;MATO GROSSO DO SUL
2025/03;Fogo em áreas de desmatamento recente;7;MATO GROSSO DO SUL
2025/04;Fogo em áreas de desmatamento consolidado;9;MATO GROSSO DO SUL
2025/04;Fogo em áreas de desmatamento recente;6;MATO GROSSO DO SUL
2025/05;Fogo em áreas de desmatamento consolidado;77;MATO GROSSO DO SUL
2025/05;Fogo em áreas de desmatamento recente;45;MATO GROSSO DO SUL
2025/05;Fogo em áreas de vegetação nativa;3;MATO GROSSO DO SUL
2025/06;Fogo em áreas de desmatamento consolidado;67;MATO GROSSO DO SUL
2025/06;Fogo em áreas de desmatamento recente;46;MATO GROSSO DO SUL
2025/06;Fogo em áreas de vegetação nativa;1;MATO GROSSO DO SUL
2025/07;Fogo em áreas de desmatamento consolidado;132;MATO GROSSO DO SUL
2025/06;Fogo em áreas de desmatamento recente;10;MATO GROSSO DO SUL
2025/07;Fogo em áreas de desmatamento recente;37;MATO GROSSO DO SUL
2025/07;Fogo em áreas de vegetação nativa;5;MATO GROSSO DO SUL
2025/08;Fogo em áreas de desmatamento consolidado;115;MATO GROSSO DO SUL
2025/06;Fogo em áreas de desmatamento consolidado;7;MATO GROSSO DO SUL
2025/08;Fogo em áreas de desmatamento recente;6;MATO GROSSO DO SUL
2025/08;Fogo em áreas de vegetação nativa;11;MATO GROSSO DO SUL
2025/05;Fogo em áreas de desmatamento recente;5;MATO GROSSO DO SUL
2025/09;Fogo em áreas de desmatamento consolidado;134;MATO GROSSO DO SUL
2025/05;Fogo em áreas de desmatamento consolidado;1;MATO GROSSO DO SUL
2025/09;Fogo em áreas de desmatamento recente;8;MATO GROSSO DO SUL
2025/09;Fogo em áreas de vegetação nativa;45;MATO GROSSO DO SUL
2025/10;Fogo em áreas de desmatamento consolidado;63;MATO GROSSO DO SUL
2025/04;Fogo em áreas de vegetação nativa;3;MATO GROSSO DO SUL
2025/10;Fogo em áreas de desmatamento recente;12;MATO GROSSO DO SUL
2025/10;Fogo em áreas de vegetação nativa;11;MATO GROSSO DO SUL
2025/11;Fogo em áreas de desmatamento consolidado;57;MATO GROSSO DO SUL
2025/04;Fogo em outras áreas;1;MATO GROSSO DO SUL
2025/11;Fogo em áreas de desmatamento recente;8;MATO GROSSO DO SUL
2025/12;Fogo em áreas de desmatamento consolidado;15;MATO GROSSO DO SUL
2025/04;Fogo em áreas de desmatamento consolidado;2;MATO GROSSO DO SUL
2025/12;Fogo em áreas de desmatamento recente;1;MATO GROSSO DO SUL
2025/03;Fogo em áreas de desmatamento recente;3;MATO GROSSO DO SUL
2025/02;Fogo em áreas de vegetação nativa;4;MATO GROSSO DO SUL
2025/02;Fogo em áreas de desmatamento recente;3;MATO GROSSO DO SUL
2025/02;Fogo em áreas de desmatamento consolidado;2;MATO GROSSO DO SUL
2026/01;Fogo em áreas de vegetação nativa;60;MATO GROSSO DO SUL
2026/01;Fogo em áreas de desmatamento recente;4;MATO GROSSO DO SUL
2026/01;Fogo em áreas de desmatamento consolidado;2;MATO GROSSO DO SUL
2026/01;Fogo em áreas de desmatamento recente;57;MATO GROSSO
2025/02;Fogo em áreas de desmatamento consolidado;152;MATO GROSSO
2025/12;Fogo em áreas de desmatamento recente;2;MATO GROSSO
2025/07;Fogo em áreas de desmatamento consolidado;117;MATO GROSSO
2025/12;Fogo em áreas de vegetação nativa;23;MATO GROSSO
2025/02;Fogo em áreas de desmatamento recente;26;MATO GROSSO
2026/01;Fogo em áreas de desmatamento consolidado;116;MATO GROSSO
2025/08;Fogo em áreas de desmatamento recente;1;MATO GROSSO
2025/10;Fogo em áreas de desmatamento consolidado;412;MATO GROSSO
2025/09;Fogo em áreas de desmatamento consolidado;441;MATO GROSSO
2025/07;Fogo em áreas de desmatamento recente;419;MATO GROSSO
2025/10;Fogo em áreas de vegetação nativa;65;MATO GROSSO
2026/01;Fogo em áreas de vegetação nativa;3;MATO GROSSO
2025/11;Fogo em áreas de vegetação nativa;8;MATO GROSSO
2025/09;Fogo em áreas de desmatamento recente;1;MATO GROSSO
2025/09;Fogo em áreas de vegetação nativa;7;MATO GROSSO
2025/08;Fogo em áreas de vegetação nativa;121;MATO GROSSO
2025/12;Fogo em áreas de desmatamento consolidado;65;MATO GROSSO
2025/12;Fogo em áreas de vegetação nativa;5;MATO GROSSO
2025/02;Fogo em áreas de desmatamento consolidado;2;MATO GROSSO
2025/12;Fogo em áreas de desmatamento recente;32;MATO GROSSO
2025/06;Fogo em áreas de vegetação nativa;120;MATO GROSSO
2025/12;Fogo em áreas de desmatamento consolidado;30;MATO GROSSO
2025/02;Fogo em áreas de vegetação nativa;1;MATO GROSSO
2025/11;Fogo em áreas de vegetação nativa;32;MATO GROSSO
2025/06;Fogo em áreas de desmatamento consolidado;2;MATO GROSSO
2025/11;Fogo em áreas de desmatamento recente;26;MATO GROSSO
2025/11;Fogo em áreas de desmatamento consolidado;29;MATO GROSSO
2025/11;Fogo em áreas de desmatamento recente;53;MATO GROSSO
2025/10;Fogo em áreas de vegetação nativa;215;MATO GROSSO
2025/10;Fogo em outras áreas;1;MATO GROSSO
2025/05;Fogo em áreas de vegetação nativa;1;MATO GROSSO
2025/10;Fogo em áreas de desmatamento recente;48;MATO GROSSO
2025/08;Fogo em áreas de desmatamento consolidado;5;MATO GROSSO
2025/10;Fogo em áreas de desmatamento consolidado;202;MATO GROSSO
2025/09;Fogo em áreas de vegetação nativa;581;MATO GROSSO
2025/04;Fogo em áreas de vegetação nativa;1;MATO GROSSO
2025/09;Fogo em outras áreas;1;MATO GROSSO
2025/09;Fogo em áreas de desmatamento recente;59;MATO GROSSO
2025/09;Fogo em áreas de desmatamento consolidado;379;MATO GROSSO
2026/02;Fogo em áreas de desmatamento consolidado;25;MATO GROSSO
2025/08;Fogo em áreas de vegetação nativa;397;MATO GROSSO
2025/03;Fogo em áreas de desmatamento consolidado;259;MATO GROSSO
2025/06;Fogo em áreas de desmatamento recente;615;MATO GROSSO
2025/08;Fogo em outras áreas;1;MATO GROSSO
2025/08;Fogo em áreas de desmatamento recente;67;MATO GROSSO
2025/08;Fogo em áreas de desmatamento consolidado;378;MATO GROSSO
2025/12;Fogo em áreas de desmatamento recente;44;MATO GROSSO
2025/07;Fogo em áreas de vegetação nativa;77;MATO GROSSO
2025/07;Fogo em áreas de vegetação nativa;227;MATO GROSSO
2025/07;Fogo em áreas de desmatamento recente;44;MATO GROSSO
2025/08;Fogo em áreas de vegetação nativa;1;MATO GROSSO
2025/07;Fogo em áreas de desmatamento consolidado;134;MATO GROSSO
2025/07;Fogo em áreas de vegetação nativa;1;MATO GROSSO
2025/06;Fogo em áreas de vegetação nativa;155;MATO GROSSO
2025/06;Fogo em áreas de desmatamento recente;219;MATO GROSSO
2025/06;Fogo em áreas de desmatamento consolidado;140;MATO GROSSO
2025/05;Fogo em áreas de vegetação nativa;81;MATO GROSSO
2025/11;Fogo em áreas de desmatamento consolidado;1;MATO GROSSO
2025/10;Fogo em áreas de desmatamento consolidado;17;MATO GROSSO
2025/05;Fogo em áreas de desmatamento recente;102;MATO GROSSO
2025/03;Fogo em áreas de desmatamento recente;23;MATO GROSSO
2025/05;Fogo em áreas de desmatamento consolidado;91;MATO GROSSO
2025/04;Fogo em áreas de vegetação nativa;5;MATO GROSSO
2026/01;Fogo em áreas de desmatamento recente;1;MATO GROSSO
2025/04;Fogo em áreas de desmatamento recente;7;MATO GROSSO
2025/04;Fogo em áreas de desmatamento consolidado;39;MATO GROSSO
2025/08;Fogo em outras áreas;1;MATO GROSSO
2025/03;Fogo em áreas de vegetação nativa;6;MATO GROSSO
2025/03;Fogo em áreas de desmatamento recente;16;MATO GROSSO
2025/03;Fogo em áreas de desmatamento consolidado;115;MATO GROSSO
2025/02;Fogo em áreas de vegetação nativa;4;MATO GROSSO
2025/02;Fogo em áreas de desmatamento recente;13;MATO GROSSO
2025/06;Fogo em áreas de desmatamento consolidado;323;MATO GROSSO
2025/02;Fogo em áreas de desmatamento consolidado;41;MATO GROSSO
2025/12;Fogo em áreas de vegetação nativa;4;MATO GROSSO
2025/09;Fogo em áreas de desmatamento recente;523;MATO GROSSO
2026/02;Fogo em áreas de desmatamento recente;1;MATO GROSSO
2026/02;Fogo em áreas de desmatamento consolidado;4;MATO GROSSO
2025/03;Fogo em áreas de vegetação nativa;6;MATO GROSSO
2026/01;Fogo em áreas de vegetação nativa;5;MATO GROSSO
2026/01;Fogo em áreas de desmatamento recente;30;MATO GROSSO
2026/01;Fogo em áreas de vegetação nativa;3;MATO GROSSO
2026/01;Fogo em áreas de desmatamento consolidado;29;MATO GROSSO
2025/06;Fogo em áreas de desmatamento recente;1;MATO GROSSO
2025/11;Fogo em áreas de vegetação nativa;6;MATO GROSSO
2026/02;Fogo em áreas de desmatamento recente;1;MATO GROSSO
2025/10;Fogo em áreas de vegetação nativa;56;MATO GROSSO
2025/11;Fogo em áreas de desmatamento consolidado;120;MATO GROSSO
2026/01;Fogo em áreas de desmatamento consolidado;1;MATO GROSSO
2025/05;Fogo em áreas de vegetação nativa;50;MATO GROSSO
2025/08;Fogo em áreas de desmatamento consolidado;390;MATO GROSSO
2025/06;Fogo em áreas de vegetação nativa;1;MATO GROSSO
2025/03;Fogo em áreas de desmatamento consolidado;4;MATO GROSSO
2025/10;Fogo em áreas de desmatamento recente;393;MATO GROSSO
2025/05;Fogo em áreas de desmatamento recente;252;MATO GROSSO
2025/04;Fogo em áreas de desmatamento consolidado;121;MATO GROSSO
2025/09;Fogo em áreas de desmatamento consolidado;19;MATO GROSSO
2025/05;Fogo em áreas de desmatamento consolidado;1;MATO GROSSO
2025/05;Fogo em áreas de desmatamento consolidado;238;MATO GROSSO
2025/08;Fogo em áreas de desmatamento recente;960;MATO GROSSO
2025/09;Fogo em áreas de vegetação nativa;283;MATO GROSSO
2025/04;Fogo em áreas de desmatamento recente;23;MATO GROSSO
2025/04;Fogo em áreas de vegetação nativa;3;MATO GROSSO
2025/10;Fogo em áreas de desmatamento recente;1;MATO GROSSO
2025/10;Fogo em áreas de vegetação nativa;782;MARANHÃO
2025/08;Fogo em áreas de desmatamento recente;37;MARANHÃO
2025/07;Fogo em áreas de desmatamento consolidado;106;MARANHÃO
2025/11;Fogo em áreas de desmatamento consolidado;1546;MARANHÃO
2025/05;Fogo em áreas de desmatamento consolidado;18;MARANHÃO
2026/01;Fogo em áreas de desmatamento consolidado;502;MARANHÃO
2025/11;Fogo em áreas de desmatamento recente;1367;MARANHÃO
2026/02;Fogo em áreas de vegetação nativa;1;MARANHÃO
2025/11;Fogo em áreas de vegetação nativa;202;MARANHÃO
2025/12;Fogo em áreas de desmatamento consolidado;545;MARANHÃO
2026/02;Fogo em áreas de desmatamento consolidado;31;MARANHÃO
2025/12;Fogo em áreas de desmatamento recente;143;MARANHÃO
2025/12;Fogo em áreas de desmatamento recente;601;MARANHÃO
2025/05;Fogo em áreas de desmatamento recente;3;MARANHÃO
2025/12;Fogo em outras áreas;2;MARANHÃO
2025/12;Fogo em áreas de vegetação nativa;47;MARANHÃO
2025/08;Fogo em áreas de desmatamento consolidado;189;MARANHÃO
2026/02;Fogo em áreas de desmatamento recente;7;MARANHÃO
2026/01;Fogo em áreas de desmatamento consolidado;192;MARANHÃO
2026/01;Fogo em áreas de desmatamento recente;230;MARANHÃO
2026/01;Fogo em áreas de vegetação nativa;17;MARANHÃO
2026/02;Fogo em áreas de desmatamento consolidado;5;MARANHÃO
2025/06;Fogo em áreas de desmatamento consolidado;17;MARANHÃO
2026/02;Fogo em áreas de desmatamento recente;16;MARANHÃO
2025/02;Fogo em áreas de desmatamento consolidado;29;MARANHÃO
2025/02;Fogo em áreas de desmatamento recente;57;MARANHÃO
2025/02;Fogo em áreas de vegetação nativa;7;MARANHÃO
2025/03;Fogo em áreas de desmatamento consolidado;35;MARANHÃO
2025/03;Fogo em áreas de desmatamento recente;22;MARANHÃO
2025/10;Fogo em áreas de desmatamento recente;117;MARANHÃO
2025/03;Fogo em áreas de vegetação nativa;3;MARANHÃO
2025/11;Fogo em áreas de vegetação nativa;77;MARANHÃO
2025/04;Fogo em áreas de desmatamento consolidado;36;MARANHÃO
2025/04;Fogo em áreas de desmatamento recente;75;MARANHÃO
2025/04;Fogo em outras áreas;1;MARANHÃO
2025/04;Fogo em áreas de vegetação nativa;10;MARANHÃO
2025/05;Fogo em áreas de desmatamento consolidado;79;MARANHÃO
2025/05;Fogo em áreas de desmatamento recente;247;MARANHÃO
2025/05;Fogo em áreas de vegetação nativa;108;MARANHÃO
2025/06;Fogo em áreas de desmatamento consolidado;154;MARANHÃO
2025/11;Fogo em áreas de desmatamento recente;300;MARANHÃO
2025/06;Fogo em áreas de desmatamento recente;367;MARANHÃO
2025/06;Fogo em áreas de vegetação nativa;211;MARANHÃO
2025/07;Fogo em áreas de desmatamento consolidado;318;MARANHÃO
2025/07;Fogo em áreas de desmatamento recente;633;MARANHÃO
2025/07;Fogo em áreas de vegetação nativa;467;MARANHÃO
2025/06;Fogo em áreas de desmatamento recente;6;MARANHÃO
2025/08;Fogo em áreas de desmatamento consolidado;655;MARANHÃO
2025/07;Fogo em áreas de vegetação nativa;1;MARANHÃO
2025/08;Fogo em áreas de desmatamento recente;768;MARANHÃO
2025/07;Fogo em áreas de desmatamento recente;23;MARANHÃO
2025/10;Fogo em áreas de desmatamento consolidado;830;MARANHÃO
2025/08;Fogo em outras áreas;1;MARANHÃO
2025/08;Fogo em áreas de vegetação nativa;839;MARANHÃO
2026/01;Fogo em áreas de vegetação nativa;9;MARANHÃO
2025/09;Fogo em áreas de desmatamento consolidado;1343;MARANHÃO
2025/09;Fogo em áreas de desmatamento recente;1293;MARANHÃO
2025/09;Fogo em outras áreas;2;MARANHÃO
2026/01;Fogo em áreas de desmatamento recente;40;MARANHÃO
2025/09;Fogo em áreas de vegetação nativa;1412;MARANHÃO
2025/10;Fogo em áreas de desmatamento consolidado;1735;MARANHÃO
2025/10;Fogo em áreas de desmatamento recente;1519;MARANHÃO
2025/11;Fogo em outras áreas;1;MARANHÃO
2025/09;Fogo em áreas de vegetação nativa;31;MARANHÃO
2025/04;Fogo em áreas de desmatamento consolidado;12;MARANHÃO
2025/11;Fogo em áreas de desmatamento consolidado;2291;MARANHÃO
2025/08;Fogo em outras áreas;1;MARANHÃO
2025/09;Fogo em áreas de desmatamento recente;26;MARANHÃO
2025/12;Fogo em outras áreas;2;MARANHÃO
2025/03;Fogo em áreas de desmatamento consolidado;3;MARANHÃO
2025/12;Fogo em áreas de vegetação nativa;38;MARANHÃO
2025/08;Fogo em áreas de vegetação nativa;3;MARANHÃO
2025/09;Fogo em áreas de desmatamento consolidado;488;MARANHÃO
2025/12;Fogo em áreas de desmatamento consolidado;1537;MARANHÃO
2025/02;Fogo em áreas de desmatamento recente;3;MARANHÃO
2025/02;Fogo em áreas de desmatamento consolidado;9;MARANHÃO
2025/10;Fogo em áreas de vegetação nativa;36;MARANHÃO
2026/01;Fogo em áreas de desmatamento consolidado;25;GOIÁS
2025/08;Fogo em áreas de desmatamento recente;70;GOIÁS
2025/11;Fogo em áreas de desmatamento consolidado;1;GOIÁS
2026/01;Fogo em áreas de desmatamento recente;8;GOIÁS
2026/01;Fogo em áreas de vegetação nativa;2;GOIÁS
2026/02;Fogo em áreas de desmatamento consolidado;2;GOIÁS
2025/07;Fogo em áreas de desmatamento consolidado;8;GOIÁS
2025/02;Fogo em áreas de desmatamento consolidado;48;GOIÁS
2025/02;Fogo em áreas de desmatamento recente;13;GOIÁS
2025/02;Fogo em áreas de vegetação nativa;3;GOIÁS
2025/03;Fogo em áreas de desmatamento consolidado;65;GOIÁS
2025/03;Fogo em áreas de desmatamento recente;21;GOIÁS
2025/08;Fogo em áreas de desmatamento consolidado;5;GOIÁS
2025/03;Fogo em áreas de vegetação nativa;6;GOIÁS
2025/04;Fogo em áreas de desmatamento consolidado;28;GOIÁS
2025/04;Fogo em áreas de desmatamento recente;3;GOIÁS
2025/04;Fogo em áreas de vegetação nativa;4;GOIÁS
2025/12;Fogo em áreas de desmatamento consolidado;3;GOIÁS
2025/05;Fogo em áreas de desmatamento consolidado;101;GOIÁS
2025/05;Fogo em áreas de desmatamento recente;30;GOIÁS
2025/05;Fogo em áreas de vegetação nativa;20;GOIÁS
2025/06;Fogo em áreas de desmatamento consolidado;136;GOIÁS
2025/09;Fogo em áreas de desmatamento consolidado;3;GOIÁS
2025/06;Fogo em áreas de desmatamento recente;50;GOIÁS
2025/06;Fogo em áreas de vegetação nativa;55;GOIÁS
2025/04;Fogo em áreas de desmatamento consolidado;3;GOIÁS
2025/07;Fogo em áreas de desmatamento consolidado;232;GOIÁS
2025/07;Fogo em áreas de desmatamento recente;42;GOIÁS
2025/07;Fogo em áreas de vegetação nativa;45;GOIÁS
2025/08;Fogo em áreas de desmatamento consolidado;606;GOIÁS
2025/08;Fogo em outras áreas;2;GOIÁS
2025/08;Fogo em áreas de vegetação nativa;209;GOIÁS
2025/09;Fogo em áreas de desmatamento consolidado;1026;GOIÁS
2025/09;Fogo em áreas de desmatamento recente;199;GOIÁS
2025/03;Fogo em áreas de desmatamento consolidado;4;GOIÁS
2025/09;Fogo em outras áreas;3;GOIÁS
2025/09;Fogo em áreas de vegetação nativa;394;GOIÁS
2025/10;Fogo em áreas de desmatamento consolidado;14;GOIÁS
2025/10;Fogo em áreas de desmatamento consolidado;551;GOIÁS
2025/10;Fogo em áreas de desmatamento recente;162;GOIÁS
2025/10;Fogo em outras áreas;1;GOIÁS
2025/10;Fogo em áreas de vegetação nativa;373;GOIÁS
2025/11;Fogo em áreas de desmatamento consolidado;134;GOIÁS
2025/11;Fogo em áreas de desmatamento recente;47;GOIÁS
2025/11;Fogo em áreas de vegetação nativa;12;GOIÁS
2025/02;Fogo em áreas de desmatamento consolidado;2;GOIÁS
2025/12;Fogo em áreas de desmatamento consolidado;21;GOIÁS
2025/12;Fogo em áreas de desmatamento recente;11;GOIÁS
2025/12;Fogo em áreas de vegetação nativa;1;GOIÁS
2025/06;Fogo em áreas de desmatamento recente;4;ESPÍRITO SANTO
2025/07;Fogo em áreas de desmatamento consolidado;49;ESPÍRITO SANTO
2025/06;Fogo em áreas de desmatamento consolidado;27;ESPÍRITO SANTO
2025/07;Fogo em áreas de desmatamento recente;3;ESPÍRITO SANTO
2025/08;Fogo em áreas de desmatamento consolidado;93;ESPÍRITO SANTO
2025/05;Fogo em áreas de desmatamento consolidado;7;ESPÍRITO SANTO
2025/08;Fogo em áreas de desmatamento recente;1;ESPÍRITO SANTO
2026/01;Fogo em áreas de desmatamento consolidado;22;ESPÍRITO SANTO
2025/04;Fogo em áreas de desmatamento recente;1;ESPÍRITO SANTO
2025/12;Fogo em áreas de desmatamento recente;1;ESPÍRITO SANTO
2025/09;Fogo em áreas de desmatamento consolidado;57;ESPÍRITO SANTO
2026/02;Fogo em áreas de desmatamento consolidado;1;ESPÍRITO SANTO
2025/12;Fogo em áreas de desmatamento consolidado;24;ESPÍRITO SANTO
2025/04;Fogo em áreas de desmatamento consolidado;11;ESPÍRITO SANTO
2025/11;Fogo em áreas de desmatamento consolidado;10;ESPÍRITO SANTO
2025/02;Fogo em áreas de desmatamento consolidado;26;ESPÍRITO SANTO
2025/10;Fogo em áreas de desmatamento recente;2;ESPÍRITO SANTO
2025/02;Fogo em áreas de desmatamento recente;3;ESPÍRITO SANTO
2025/10;Fogo em áreas de desmatamento consolidado;33;ESPÍRITO SANTO
2025/09;Fogo em áreas de desmatamento recente;3;ESPÍRITO SANTO
2025/03;Fogo em áreas de desmatamento consolidado;24;ESPÍRITO SANTO
2025/11;Fogo em áreas de desmatamento consolidado;1;DISTRITO FEDERAL
2025/02;Fogo em áreas de desmatamento consolidado;1;DISTRITO FEDERAL
2025/03;Fogo em áreas de desmatamento consolidado;2;DISTRITO FEDERAL
2025/08;Fogo em áreas de desmatamento consolidado;66;DISTRITO FEDERAL
2025/05;Fogo em áreas de desmatamento consolidado;4;DISTRITO FEDERAL
2025/06;Fogo em áreas de desmatamento consolidado;12;DISTRITO FEDERAL
2025/06;Fogo em áreas de desmatamento recente;1;DISTRITO FEDERAL
2025/07;Fogo em áreas de desmatamento consolidado;33;DISTRITO FEDERAL
2025/07;Fogo em áreas de desmatamento recente;1;DISTRITO FEDERAL
2025/07;Fogo em áreas de vegetação nativa;1;DISTRITO FEDERAL
2025/08;Fogo em áreas de desmatamento recente;7;DISTRITO FEDERAL
2025/08;Fogo em áreas de vegetação nativa;2;DISTRITO FEDERAL
2025/09;Fogo em áreas de desmatamento consolidado;57;DISTRITO FEDERAL
2025/09;Fogo em áreas de desmatamento recente;5;DISTRITO FEDERAL
2025/09;Fogo em áreas de vegetação nativa;8;DISTRITO FEDERAL
2025/10;Fogo em áreas de desmatamento consolidado;30;DISTRITO FEDERAL
2025/10;Fogo em áreas de vegetação nativa;3;DISTRITO FEDERAL
2025/09;Fogo em áreas de vegetação nativa;95;CEARÁ
2025/04;Fogo em áreas de desmatamento recente;10;CEARÁ
2025/06;Fogo em áreas de desmatamento recente;27;CEARÁ
2025/05;Fogo em áreas de desmatamento consolidado;19;CEARÁ
2025/06;Fogo em áreas de desmatamento consolidado;23;CEARÁ
2025/09;Fogo em áreas de desmatamento recente;146;CEARÁ
2025/09;Fogo em áreas de desmatamento consolidado;406;CEARÁ
2025/08;Fogo em áreas de vegetação nativa;13;CEARÁ
2025/08;Fogo em áreas de desmatamento recente;49;CEARÁ
2025/05;Fogo em áreas de desmatamento recente;13;CEARÁ
2025/08;Fogo em áreas de desmatamento consolidado;136;CEARÁ
2025/07;Fogo em áreas de vegetação nativa;4;CEARÁ
2025/07;Fogo em áreas de desmatamento recente;18;CEARÁ
2025/07;Fogo em áreas de desmatamento consolidado;78;CEARÁ
2025/10;Fogo em áreas de desmatamento consolidado;1046;CEARÁ
2025/10;Fogo em áreas de desmatamento recente;408;CEARÁ
2025/10;Fogo em áreas de vegetação nativa;78;CEARÁ
2025/11;Fogo em áreas de desmatamento consolidado;1971;CEARÁ
2025/11;Fogo em áreas de vegetação nativa;93;CEARÁ
2025/12;Fogo em áreas de desmatamento consolidado;1363;CEARÁ
2025/12;Fogo em áreas de desmatamento recente;658;CEARÁ
2025/12;Fogo em áreas de vegetação nativa;48;CEARÁ
2025/11;Fogo em áreas de desmatamento recente;838;CEARÁ
2025/04;Fogo em áreas de desmatamento consolidado;7;CEARÁ
2025/03;Fogo em áreas de desmatamento recente;3;CEARÁ
2025/03;Fogo em áreas de desmatamento consolidado;13;CEARÁ
2025/02;Fogo em áreas de desmatamento recente;21;CEARÁ
2025/02;Fogo em áreas de desmatamento consolidado;20;CEARÁ
2026/02;Fogo em áreas de desmatamento recente;22;CEARÁ
2026/02;Fogo em áreas de desmatamento consolidado;30;CEARÁ
2026/01;Fogo em áreas de vegetação nativa;8;CEARÁ
2026/01;Fogo em áreas de desmatamento recente;159;CEARÁ
2026/01;Fogo em áreas de desmatamento consolidado;309;CEARÁ
2025/02;Fogo em áreas de vegetação nativa;10;BAHIA
2026/01;Fogo em áreas de desmatamento consolidado;56;BAHIA
2026/01;Fogo em áreas de desmatamento recente;5;BAHIA
2026/01;Fogo em áreas de vegetação nativa;7;BAHIA
2026/02;Fogo em áreas de desmatamento consolidado;40;BAHIA
2026/02;Fogo em áreas de desmatamento recente;6;BAHIA
2025/02;Fogo em áreas de desmatamento consolidado;55;BAHIA
2026/01;Fogo em áreas de desmatamento consolidado;77;BAHIA
2026/01;Fogo em áreas de desmatamento recente;23;BAHIA
2025/02;Fogo em áreas de desmatamento recente;16;BAHIA
2026/01;Fogo em áreas de vegetação nativa;8;BAHIA
2026/02;Fogo em áreas de desmatamento consolidado;22;BAHIA
2025/02;Fogo em áreas de vegetação nativa;1;BAHIA
2026/02;Fogo em áreas de desmatamento recente;13;BAHIA
2026/02;Fogo em áreas de vegetação nativa;1;BAHIA
2025/03;Fogo em áreas de desmatamento consolidado;103;BAHIA
2025/02;Fogo em áreas de desmatamento consolidado;50;BAHIA
2025/02;Fogo em áreas de desmatamento recente;28;BAHIA
2025/02;Fogo em áreas de vegetação nativa;4;BAHIA
2025/03;Fogo em áreas de desmatamento consolidado;96;BAHIA
2025/03;Fogo em áreas de desmatamento recente;33;BAHIA
2025/03;Fogo em áreas de vegetação nativa;13;BAHIA
2025/04;Fogo em áreas de desmatamento consolidado;99;BAHIA
2025/04;Fogo em áreas de desmatamento recente;49;BAHIA
2025/03;Fogo em áreas de desmatamento recente;28;BAHIA
2025/04;Fogo em áreas de vegetação nativa;4;BAHIA
2025/05;Fogo em áreas de desmatamento consolidado;102;BAHIA
2025/05;Fogo em áreas de desmatamento recente;34;BAHIA
2025/03;Fogo em áreas de vegetação nativa;3;BAHIA
2025/05;Fogo em outras áreas;1;BAHIA
2025/05;Fogo em áreas de vegetação nativa;9;BAHIA
2025/06;Fogo em áreas de desmatamento consolidado;112;BAHIA
2025/06;Fogo em áreas de desmatamento recente;53;BAHIA
2025/06;Fogo em áreas de vegetação nativa;21;BAHIA
2025/07;Fogo em áreas de desmatamento consolidado;165;BAHIA
2025/07;Fogo em áreas de desmatamento recente;55;BAHIA
2025/07;Fogo em áreas de vegetação nativa;55;BAHIA
2025/08;Fogo em áreas de desmatamento consolidado;289;BAHIA
2025/04;Fogo em áreas de desmatamento consolidado;71;BAHIA
2025/08;Fogo em áreas de desmatamento recente;71;BAHIA
2025/08;Fogo em outras áreas;1;BAHIA
2025/08;Fogo em áreas de vegetação nativa;186;BAHIA
2025/09;Fogo em áreas de desmatamento consolidado;1104;BAHIA
2025/09;Fogo em áreas de desmatamento recente;290;BAHIA
2025/09;Fogo em áreas de vegetação nativa;512;BAHIA
2025/10;Fogo em áreas de desmatamento consolidado;1279;BAHIA
2025/10;Fogo em áreas de desmatamento recente;407;BAHIA
2025/10;Fogo em áreas de vegetação nativa;401;BAHIA
2025/11;Fogo em áreas de desmatamento consolidado;471;BAHIA
2025/11;Fogo em áreas de desmatamento recente;132;BAHIA
2025/11;Fogo em áreas de vegetação nativa;99;BAHIA
2025/12;Fogo em áreas de desmatamento consolidado;191;BAHIA
2025/04;Fogo em áreas de desmatamento recente;13;BAHIA
2025/12;Fogo em áreas de desmatamento recente;71;BAHIA
2025/12;Fogo em áreas de vegetação nativa;8;BAHIA
2025/04;Fogo em áreas de vegetação nativa;1;BAHIA
2025/05;Fogo em áreas de desmatamento consolidado;25;BAHIA
2025/05;Fogo em áreas de desmatamento recente;2;BAHIA
2025/05;Fogo em áreas de vegetação nativa;2;BAHIA
2025/06;Fogo em áreas de desmatamento consolidado;63;BAHIA
2025/06;Fogo em áreas de desmatamento recente;9;BAHIA
2025/07;Fogo em áreas de desmatamento consolidado;59;BAHIA
2025/07;Fogo em áreas de desmatamento recente;7;BAHIA
2025/07;Fogo em áreas de vegetação nativa;1;BAHIA
2025/08;Fogo em áreas de desmatamento consolidado;104;BAHIA
2025/08;Fogo em áreas de desmatamento recente;20;BAHIA
2025/08;Fogo em áreas de vegetação nativa;4;BAHIA
2025/09;Fogo em áreas de desmatamento consolidado;223;BAHIA
2025/09;Fogo em áreas de desmatamento recente;50;BAHIA
2025/09;Fogo em áreas de vegetação nativa;1;BAHIA
2025/10;Fogo em áreas de desmatamento consolidado;164;BAHIA
2025/10;Fogo em áreas de desmatamento recente;40;BAHIA
2025/10;Fogo em áreas de vegetação nativa;2;BAHIA
2025/11;Fogo em áreas de desmatamento consolidado;78;BAHIA
2025/11;Fogo em áreas de desmatamento recente;22;BAHIA
2025/11;Fogo em áreas de vegetação nativa;1;BAHIA
2025/12;Fogo em áreas de desmatamento consolidado;87;BAHIA
2025/12;Fogo em áreas de desmatamento recente;10;BAHIA
2025/12;Fogo em áreas de vegetação nativa;3;BAHIA
2026/01;Fogo em áreas de desmatamento consolidado;14;BAHIA
2026/01;Fogo em áreas de desmatamento recente;32;BAHIA
2026/01;Fogo em áreas de vegetação nativa;7;BAHIA
2025/02;Fogo em áreas de desmatamento consolidado;16;BAHIA
2025/02;Fogo em áreas de desmatamento recente;47;BAHIA
2025/03;Fogo em áreas de desmatamento consolidado;18;BAHIA
2025/03;Fogo em áreas de desmatamento recente;35;BAHIA
2025/03;Fogo em áreas de vegetação nativa;13;BAHIA
2025/04;Fogo em áreas de desmatamento consolidado;18;BAHIA
2025/04;Fogo em áreas de desmatamento recente;65;BAHIA
2025/04;Fogo em áreas de vegetação nativa;7;BAHIA
2025/05;Fogo em áreas de desmatamento consolidado;33;BAHIA
2025/05;Fogo em áreas de desmatamento recente;133;BAHIA
2025/05;Fogo em áreas de vegetação nativa;16;BAHIA
2025/06;Fogo em áreas de desmatamento consolidado;49;BAHIA
2025/06;Fogo em áreas de desmatamento recente;139;BAHIA
2025/06;Fogo em áreas de vegetação nativa;72;BAHIA
2025/07;Fogo em áreas de desmatamento consolidado;90;BAHIA
2025/07;Fogo em áreas de desmatamento recente;175;BAHIA
2025/07;Fogo em áreas de vegetação nativa;164;BAHIA
2025/08;Fogo em áreas de desmatamento consolidado;137;BAHIA
2025/08;Fogo em áreas de desmatamento recente;247;BAHIA
2025/08;Fogo em áreas de vegetação nativa;286;BAHIA
2025/09;Fogo em áreas de desmatamento consolidado;266;BAHIA
2025/09;Fogo em áreas de desmatamento recente;157;BAHIA
2025/09;Fogo em outras áreas;5;BAHIA
2025/09;Fogo em áreas de vegetação nativa;729;BAHIA
2025/10;Fogo em áreas de desmatamento consolidado;293;BAHIA
2025/10;Fogo em áreas de desmatamento recente;149;BAHIA
2025/10;Fogo em outras áreas;4;BAHIA
2025/10;Fogo em áreas de vegetação nativa;565;BAHIA
2025/11;Fogo em áreas de desmatamento consolidado;46;BAHIA
2025/11;Fogo em áreas de desmatamento recente;52;BAHIA
2025/11;Fogo em áreas de vegetação nativa;37;BAHIA
2025/12;Fogo em áreas de desmatamento consolidado;11;BAHIA
2025/12;Fogo em áreas de desmatamento recente;20;BAHIA
2025/12;Fogo em áreas de vegetação nativa;1;BAHIA
2025/12;Fogo em áreas de vegetação nativa;16;AMAZONAS
2025/12;Fogo em áreas de desmatamento recente;34;AMAZONAS
2025/12;Fogo em áreas de desmatamento consolidado;68;AMAZONAS
2025/11;Fogo em áreas de vegetação nativa;34;AMAZONAS
2025/11;Fogo em outras áreas;1;AMAZONAS
2025/11;Fogo em áreas de desmatamento recente;96;AMAZONAS
2025/11;Fogo em áreas de desmatamento consolidado;140;AMAZONAS
2025/10;Fogo em áreas de vegetação nativa;93;AMAZONAS
2025/10;Fogo em outras áreas;2;AMAZONAS
2025/10;Fogo em áreas de desmatamento recente;459;AMAZONAS
2025/10;Fogo em áreas de desmatamento consolidado;320;AMAZONAS
2025/09;Fogo em áreas de vegetação nativa;128;AMAZONAS
2025/09;Fogo em outras áreas;1;AMAZONAS
2025/09;Fogo em áreas de desmatamento recente;470;AMAZONAS
2025/09;Fogo em áreas de desmatamento consolidado;343;AMAZONAS
2025/08;Fogo em áreas de vegetação nativa;188;AMAZONAS
2025/08;Fogo em outras áreas;2;AMAZONAS
2025/08;Fogo em áreas de desmatamento recente;1292;AMAZONAS
2025/08;Fogo em áreas de desmatamento consolidado;360;AMAZONAS
2025/07;Fogo em áreas de vegetação nativa;31;AMAZONAS
2025/07;Fogo em áreas de desmatamento recente;175;AMAZONAS
2025/07;Fogo em áreas de desmatamento consolidado;72;AMAZONAS
2025/06;Fogo em áreas de vegetação nativa;58;AMAZONAS
2025/06;Fogo em áreas de desmatamento recente;14;AMAZONAS
2025/06;Fogo em áreas de desmatamento consolidado;19;AMAZONAS
2025/05;Fogo em áreas de vegetação nativa;8;AMAZONAS
2025/05;Fogo em áreas de desmatamento recente;1;AMAZONAS
2025/05;Fogo em áreas de desmatamento consolidado;16;AMAZONAS
2025/04;Fogo em áreas de desmatamento recente;5;AMAZONAS
2025/04;Fogo em áreas de desmatamento consolidado;4;AMAZONAS
2025/03;Fogo em áreas de vegetação nativa;5;AMAZONAS
2025/03;Fogo em áreas de desmatamento recente;2;AMAZONAS
2025/03;Fogo em áreas de desmatamento consolidado;17;AMAZONAS
2025/02;Fogo em outras áreas;2;AMAZONAS
2025/02;Fogo em áreas de desmatamento recente;4;AMAZONAS
2025/02;Fogo em áreas de desmatamento consolidado;5;AMAZONAS
2026/02;Fogo em áreas de vegetação nativa;2;AMAZONAS
2026/02;Fogo em áreas de desmatamento recente;2;AMAZONAS
2026/02;Fogo em áreas de desmatamento consolidado;3;AMAZONAS
2026/01;Fogo em áreas de vegetação nativa;2;AMAZONAS
2026/01;Fogo em áreas de desmatamento recente;7;AMAZONAS
2026/01;Fogo em áreas de desmatamento consolidado;9;AMAZONAS
2026/01;Fogo em áreas de vegetação nativa;16;AMAPÁ
2025/09;Fogo em áreas de desmatamento consolidado;31;AMAPÁ
2025/08;Fogo em áreas de vegetação nativa;6;AMAPÁ
2025/10;Fogo em áreas de desmatamento recente;26;AMAPÁ
2026/02;Fogo em áreas de desmatamento consolidado;1;AMAPÁ
2025/12;Fogo em áreas de desmatamento consolidado;60;AMAPÁ
2026/02;Fogo em áreas de vegetação nativa;3;AMAPÁ
2025/08;Fogo em áreas de desmatamento consolidado;7;AMAPÁ
2025/12;Fogo em áreas de desmatamento recente;11;AMAPÁ
2025/12;Fogo em outras áreas;1;AMAPÁ
2026/01;Fogo em áreas de desmatamento recente;4;AMAPÁ
2025/07;Fogo em áreas de vegetação nativa;2;AMAPÁ
2025/11;Fogo em áreas de vegetação nativa;172;AMAPÁ
2025/12;Fogo em áreas de vegetação nativa;111;AMAPÁ
2025/09;Fogo em áreas de vegetação nativa;33;AMAPÁ
2025/07;Fogo em áreas de desmatamento consolidado;3;AMAPÁ
2025/09;Fogo em áreas de desmatamento recente;9;AMAPÁ
2025/06;Fogo em áreas de vegetação nativa;1;AMAPÁ
2026/01;Fogo em áreas de desmatamento consolidado;16;AMAPÁ
2025/10;Fogo em áreas de vegetação nativa;179;AMAPÁ
2025/11;Fogo em áreas de desmatamento recente;32;AMAPÁ
2025/02;Fogo em áreas de vegetação nativa;1;AMAPÁ
2025/03;Fogo em áreas de desmatamento consolidado;1;AMAPÁ
2025/10;Fogo em áreas de desmatamento consolidado;128;AMAPÁ
2025/11;Fogo em áreas de desmatamento consolidado;131;AMAPÁ
2025/10;Fogo em áreas de desmatamento recente;1;ALAGOAS
2025/03;Fogo em áreas de desmatamento consolidado;13;ALAGOAS
2025/10;Fogo em áreas de desmatamento consolidado;5;ALAGOAS
2025/09;Fogo em áreas de desmatamento consolidado;1;ALAGOAS
2026/01;Fogo em áreas de desmatamento consolidado;9;ALAGOAS
2025/06;Fogo em áreas de desmatamento consolidado;1;ALAGOAS
2025/08;Fogo em áreas de desmatamento consolidado;1;ALAGOAS
2025/06;Fogo em áreas de desmatamento recente;1;ALAGOAS
2025/02;Fogo em áreas de desmatamento recente;1;ALAGOAS
2025/06;Fogo em áreas de desmatamento consolidado;4;ALAGOAS
2025/02;Fogo em áreas de desmatamento consolidado;6;ALAGOAS
2025/05;Fogo em áreas de desmatamento recente;7;ALAGOAS
2025/05;Fogo em áreas de desmatamento consolidado;10;ALAGOAS
2026/02;Fogo em áreas de desmatamento consolidado;7;ALAGOAS
2026/02;Fogo em áreas de desmatamento recente;2;ALAGOAS
2025/12;Fogo em áreas de desmatamento recente;3;ALAGOAS
2025/04;Fogo em áreas de desmatamento consolidado;18;ALAGOAS
2025/12;Fogo em áreas de desmatamento consolidado;3;ALAGOAS
2025/09;Fogo em áreas de desmatamento consolidado;1;ALAGOAS
2025/09;Fogo em áreas de desmatamento recente;1;ALAGOAS
2025/11;Fogo em áreas de desmatamento recente;1;ALAGOAS
2025/11;Fogo em áreas de desmatamento consolidado;11;ALAGOAS
2025/05;Fogo em áreas de desmatamento consolidado;2;ALAGOAS
2025/04;Fogo em áreas de desmatamento recente;3;ALAGOAS
2025/04;Fogo em áreas de desmatamento consolidado;4;ALAGOAS
2025/03;Fogo em áreas de desmatamento recente;1;ALAGOAS
2025/03;Fogo em áreas de desmatamento consolidado;8;ALAGOAS
2025/02;Fogo em áreas de desmatamento recente;2;ALAGOAS
2025/02;Fogo em áreas de desmatamento consolidado;13;ALAGOAS
2026/02;Fogo em áreas de desmatamento consolidado;8;ALAGOAS
2026/01;Fogo em áreas de desmatamento recente;1;ALAGOAS
2026/01;Fogo em áreas de desmatamento consolidado;36;ALAGOAS
2025/12;Fogo em áreas de desmatamento recente;1;ALAGOAS
2025/12;Fogo em áreas de desmatamento consolidado;32;ALAGOAS
2025/11;Fogo em áreas de desmatamento recente;4;ALAGOAS
2025/11;Fogo em áreas de desmatamento consolidado;26;ALAGOAS
2025/10;Fogo em áreas de desmatamento recente;1;ALAGOAS
2025/10;Fogo em áreas de desmatamento consolidado;14;ALAGOAS
2026/01;Fogo em áreas de desmatamento consolidado;1;ACRE
2026/01;Fogo em áreas de desmatamento recente;1;ACRE
2025/02;Fogo em áreas de desmatamento consolidado;4;ACRE
2025/02;Fogo em áreas de vegetação nativa;1;ACRE
2025/04;Fogo em áreas de desmatamento consolidado;3;ACRE
2025/05;Fogo em áreas de desmatamento consolidado;5;ACRE
2025/05;Fogo em áreas de desmatamento recente;3;ACRE
2025/06;Fogo em áreas de desmatamento consolidado;8;ACRE
2025/06;Fogo em áreas de desmatamento recente;13;ACRE
2025/07;Fogo em áreas de desmatamento consolidado;54;ACRE
2025/07;Fogo em áreas de desmatamento recente;94;ACRE
2025/07;Fogo em áreas de vegetação nativa;15;ACRE
2025/08;Fogo em áreas de desmatamento consolidado;132;ACRE
2025/08;Fogo em áreas de desmatamento recente;322;ACRE
2025/08;Fogo em áreas de vegetação nativa;63;ACRE
2025/09;Fogo em áreas de desmatamento consolidado;220;ACRE
2025/09;Fogo em áreas de desmatamento recente;511;ACRE
2025/09;Fogo em áreas de vegetação nativa;109;ACRE
2025/10;Fogo em áreas de desmatamento consolidado;160;ACRE
2025/10;Fogo em áreas de desmatamento recente;354;ACRE
2025/10;Fogo em áreas de vegetação nativa;44;ACRE
2025/11;Fogo em áreas de desmatamento consolidado;7;ACRE
2025/11;Fogo em áreas de desmatamento recente;25;ACRE
2025/11;Fogo em áreas de vegetação nativa;1;ACRE
2025/12;Fogo em áreas de desmatamento consolidado;1;ACRE